utc,system_busy_cpu_slots,observed_task_cpu_slots,task_processes,task_threads,task_rss_kib,mem_available_kib,disk_free_bytes,compact_result_files
2026-10-08T14:28:00.586657+00:00,,,1,1,16208,64361600,94873804800,71
2026-10-08T14:29:00.603405+00:00,0.062,0.0,2,2,31648,64354144,94873612288,72
2026-10-08T14:30:00.619964+00:00,0.064,0.001,2,2,31696,64362304,94867464192,72
2026-10-08T14:31:00.636544+00:00,0.077,0.001,2,2,31696,64358444,94867345408,72
2026-10-08T14:32:00.655108+00:00,0.137,0.001,7,7,158672,64311900,94867009536,74
2026-10-08T14:33:00.673328+00:00,0.819,0.001,9,11,209056,64268756,94866673664,74
2026-10-08T14:34:00.691441+00:00,4.068,4.001,9,11,407616,64074572,94866378752,74
2026-10-08T14:35:00.710023+00:00,6.987,4.001,14,16,911844,63365276,94865797120,76
2026-10-08T14:36:00.728322+00:00,7.741,4.0,8,10,583920,63387708,94864490496,76
2026-10-08T14:37:00.746676+00:00,5.255,4.0,9,11,835588,63400932,94863945728,76
2026-10-08T14:38:00.765715+00:00,5.069,4.001,9,11,792424,63424168,94863781888,76
2026-10-08T14:39:00.784502+00:00,5.789,4.001,9,11,916508,63248612,94863593472,76
2026-10-08T14:40:00.803263+00:00,6.057,4.001,9,11,1022072,63108796,94863523840,76
2026-10-08T14:41:00.822012+00:00,6.065,4.001,9,11,1252948,62834876,94862897152,76
2026-10-08T14:42:00.840871+00:00,8.504,4.002,14,16,2066896,62075044,94862622720,78
2026-10-08T14:43:00.860246+00:00,8.903,7.001,14,16,2434928,61417684,94862561280,78
2026-10-08T14:44:00.879419+00:00,8.605,6.433,14,16,2976128,60471384,94862454784,78
2026-10-08T14:45:00.898802+00:00,9.063,6.001,14,16,4126912,59003532,94862192640,79
2026-10-08T14:46:00.917942+00:00,8.546,5.221,14,16,2406572,60600804,94865354752,80
2026-10-08T14:47:00.937460+00:00,7.935,5.001,17,19,2237720,61550952,94863798272,83
2026-10-08T14:48:00.957176+00:00,9.101,7.001,17,19,2500820,61822440,94862913536,83
2026-10-08T14:49:00.977629+00:00,10.813,6.993,18,20,3221056,60694624,94861852672,84
2026-10-08T14:50:00.998888+00:00,9.967,6.626,19,21,2906100,61005696,94859771904,99
2026-10-08T14:51:01.019211+00:00,10.059,7.001,19,21,3002088,60981332,94859235328,99
2026-10-08T14:52:01.039852+00:00,10.056,7.001,19,21,3067908,61111116,94859198464,99
2026-10-08T14:53:01.060360+00:00,10.056,7.001,19,21,3147856,61050692,94859112448,99
2026-10-08T14:54:01.080804+00:00,10.071,7.0,19,21,3502744,60520784,94858555392,102
2026-10-08T14:55:01.100923+00:00,9.736,5.793,14,16,2432088,61589236,94858448896,102
2026-10-08T14:56:01.121131+00:00,8.469,5.001,18,22,2571720,61355340,94858362880,102
2026-10-08T14:57:01.141579+00:00,9.058,6.001,18,22,2664724,61298728,94857830400,102
2026-10-08T14:58:01.161821+00:00,8.58,5.528,18,22,2300364,61817900,94857560064,102
2026-10-08T14:59:01.182301+00:00,9.292,4.001,19,23,2455484,61641332,94857318400,104
2026-10-08T15:00:01.202797+00:00,8.725,5.876,19,23,2482536,61720252,94857146368,105
2026-10-08T15:01:01.223483+00:00,6.65,4.001,16,20,2264608,61856240,94856065024,106
2026-10-08T15:02:01.243738+00:00,7.008,4.001,18,22,2590808,61353620,94855131136,109
2026-10-08T15:03:01.265199+00:00,8.616,5.001,19,23,5099372,58778548,94854533120,110
2026-10-08T15:04:01.285391+00:00,8.629,5.001,15,17,4979396,59049504,94853480448,110
2026-10-08T15:05:01.306526+00:00,8.094,5.0,15,17,5143532,58894964,94852988928,110
2026-10-08T15:06:01.327644+00:00,8.061,5.0,15,17,5144844,58739732,94852251648,110
2026-10-08T15:07:01.349098+00:00,6.919,3.293,16,18,4426444,59576124,94851944448,112
2026-10-08T15:08:01.376864+00:00,7.065,4.001,16,18,4522156,59356492,94851649536,112
2026-10-08T15:09:01.398192+00:00,8.029,4.001,16,18,4694108,59310600,94851399680,113
2026-10-08T15:10:01.419814+00:00,8.66,4.001,22,26,5278996,58782488,94850613248,113
2026-10-08T15:11:01.441246+00:00,7.959,4.001,16,18,4942012,59065832,94850404352,113
2026-10-08T15:12:01.462459+00:00,7.074,4.001,16,18,5005284,58935576,94849474560,114
2026-10-08T15:13:01.483608+00:00,7.727,4.001,16,18,5064876,58868460,94849040384,116
2026-10-08T15:14:01.505027+00:00,8.978,3.001,15,17,4871988,58901984,94738284544,116
2026-10-08T15:15:01.526878+00:00,7.31,3.001,14,16,4900764,58986296,94686171136,118
2026-10-08T15:16:01.549565+00:00,5.931,2.001,7,7,3951360,59806612,94685941760,118
2026-10-08T15:17:01.571353+00:00,5.136,2.001,13,15,3940480,59991976,94671515648,118
2026-10-08T15:18:01.593738+00:00,6.095,2.001,7,7,3751792,60149168,94512537600,118
2026-10-08T15:19:01.619381+00:00,6.84,2.001,10,10,4041492,59746776,94511923200,120
2026-10-08T15:20:01.644344+00:00,7.063,4.001,10,10,4159068,59390088,94511693824,120
2026-10-08T15:21:01.670419+00:00,7.286,3.055,14,14,4484044,59343544,94372671488,122
2026-10-08T15:22:01.698234+00:00,9.728,5.962,11,11,4165940,59539720,93972500480,123
2026-10-08T15:23:01.724772+00:00,9.07,5.963,11,11,4192128,59574784,93575421952,123
2026-10-08T15:24:01.753597+00:00,9.062,5.964,11,11,4243024,59503080,93184098304,123
2026-10-08T15:25:01.787435+00:00,10.197,4.974,10,10,3918384,59491132,92840820736,126
2026-10-08T15:26:01.818718+00:00,9.26,4.975,10,10,3986748,59609736,92549890048,126
2026-10-08T15:27:01.850753+00:00,8.137,4.976,10,10,4052760,59629140,92262645760,126
2026-10-08T15:28:01.883265+00:00,8.148,2.986,10,10,5732940,57897688,91986071552,129
2026-10-08T15:29:01.920380+00:00,8.602,3.984,11,11,4400308,59174992,91750113280,129
2026-10-08T15:30:01.958341+00:00,10.073,5.972,11,11,4406092,59178112,91404095488,132
2026-10-08T15:31:01.993697+00:00,10.958,5.969,11,11,4420564,59026008,91066208256,134
2026-10-08T15:32:02.031238+00:00,10.881,4.98,10,10,4320112,59257152,90732257280,142
2026-10-08T15:33:02.067923+00:00,8.722,4.983,10,10,4321852,59140476,90485379072,143
2026-10-08T15:34:02.104505+00:00,8.069,4.983,10,10,4322932,59060012,90240475136,144
2026-10-08T15:35:02.140701+00:00,8.069,4.981,10,10,4321888,59079968,89991557120,144
2026-10-08T15:36:02.178093+00:00,8.984,4.982,12,12,4575064,58894600,89680310272,144
