profile,arm,attempt,E,I,V,PP,prefill_s,decode_s,replay_equivalent_tok_s,TTFT_s,wall_s,local_pct,CPU_entries,mapped_entries,nonlocal_entries,copy_GB,victim_absent_entries,ready_publications,late_publications,actual_target_ready_entries,late_useful_entries,planner_ms,tape_lookup_ms,attestation_ms,VM_CPU,process_CPU,CPU_steal,GPU0,GPU1,future_index_setup_ms,late_target_nonlocal_entries,actual_target_admission_hit_entries,oracle_victim_absent_entries
128k,F256,1,64,full,256,1756.4,72.1467,52.1709,78.51120068850642,74.11953110998729,126.31555269600358,95.80263027048528,85820,15481,101301,320.7776256,85759,100451,316,118240,6127,11150.945,203.017,1687.211,28.149999999999995,400.5903846153846,3.9038461538461533,62.57692307692308,61.48076923076923,42.258,317,118240,85759
128k,F256,2,64,full,256,1816.5,69.7596,49.1111,83.40273380152348,71.84156265400816,121.05337667895947,95.80167727393264,85802,15522,101324,320.7438336,85662,100520,236,118277,5890,8724.164,183.33,1814.177,27.66938775510204,410.4938775510204,2.246938775510204,62.02040816326531,61.51020408163265,35.652,233,118277,85662
128k,F256,3,64,full,256,1745.4,72.5975,50.6027,80.94429743867423,75.00277873402229,125.64329933200497,95.61849476266242,89608,16137,105745,316.7136768,86685,98891,554,116401,13271,9645.437,210.189,1871.835,28.752941176470596,419.7411764705883,2.988235294117647,60.98039215686274,60.294117647058826,66.522,599,116401,86685
128k,FF,1,64,full,full,1825.8,69.4043,42.3173,96.79256474302471,71.42466809699545,114.24326526199002,99.06063544152745,19771,2900,22671,202.0493312,19736,63824,149,73004,2816,7007.069,207.5,1757.597,17.36904761904762,246.9690476190476,1.2666666666666668,58.0,59.69047619047619,35.662,156,73004,19736
128k,FF,2,64,full,full,1821.3,69.57339999999999,40.4626,101.22928333819378,71.68757244403241,112.4264796890202,99.27083333333333,15342,2256,17598,207.629312,14119,65694,96,74964,2626,5884.892,161.688,1849.344,15.895121951219513,227.33414634146342,1.4146341463414633,59.292682926829265,60.170731707317074,43.823,106,74964,14119
128k,FF,3,64,full,full,1827.3,69.3458,42.209900000000005,97.03884633699676,71.4377677559969,113.67882325599203,98.99434002916998,21203,3068,24271,200.116736,20908,63145,200,72151,4159,6808.041,189.323,1816.172,18.26190476190476,255.9761904761905,2.0261904761904757,57.0,59.785714285714285,37.193,205,72151,20908
128k,current,1,64,full,full,1819.8,69.6305,47.0734,87.0130477084723,72.00162457494298,119.10995333397295,88.89721725006629,231342,36617,267959,99.3673216,185345,0,0,0,0,1.483,621.516,2069.077,44.947916666666664,683.1145833333334,3.5499999999999994,53.270833333333336,49.833333333333336,55.173,,,0
128k,current,2,64,full,full,1696.6,74.68560000000001,48.706300000000006,84.09589724532555,76.63175927702105,125.36489494203124,88.89721725006629,231342,36617,267959,99.3673216,185345,0,0,0,0,1.66,179.792,1652.199,46.08775510204082,678.2591836734694,7.23469387755102,54.10204081632653,50.87755102040816,45.181,,,0
128k,current,3,64,full,full,1754.7,72.21419999999999,46.871900000000004,87.3871125343756,74.69183419499313,121.59083527099574,88.89721725006629,231342,36617,267959,99.3673216,185345,0,0,0,0,1.465,171.116,1862.178,45.56170212765958,693.7063829787234,3.514893617021277,54.680851063829785,51.57446808510638,77.422,,,0
256k,F256,1,64,full,256,1901.9,135.5397,52.1426,78.55381204619638,140.45390980795491,192.6153289869544,96.31145632626847,77734,14155,91889,327.8819328,77216,102671,182,119791,7175,9124.233,170.372,4384.648,25.942307692307693,377.2884615384616,2.59423076923077,61.11538461538461,62.55769230769231,44.796,185,119791,77216
256k,F256,2,64,full,256,1939.3,132.92479999999998,56.0685,73.05349706162997,137.74714266997762,193.84262922697235,95.82646917148362,88114,15857,103971,310.2087168,86992,96619,481,113039,12014,11274.778,224.978,4266.875,28.25357142857143,399.9125,3.707142857142857,60.339285714285715,60.94642857142857,64.561,466,113039,86992
256k,F256,3,64,full,256,2057.9,125.26310000000001,57.7674,70.90504332893639,129.5926573240431,187.41953103500418,96.03929833012202,83742,14927,98669,316.7367168,83093,98798,427,115474,8646,12950.014,537.263,3543.393,27.055172413793102,378.71724137931034,3.7706896551724136,59.689655172413794,60.13793103448276,48.827,410,115474,83093
256k,FF,1,64,full,full,1847.0,139.5664,44.7061,91.620606583889,144.39239082101267,189.20815426204354,99.09188342967245,19764,2859,22623,206.288384,16773,65041,188,74066,6262,6265.786,202.615,4259.13,17.044444444444448,240.82222222222222,1.6266666666666671,56.62222222222222,59.48888888888889,51.142,194,74066,16773
256k,FF,2,64,full,full,2002.7,128.7172,47.5507,86.13963621986638,134.1370615399792,181.82035110797733,98.9559649967887,22751,3258,26009,202.5470976,21621,63768,243,72706,6380,8215.317,357.248,4846.764,18.314893617021276,255.35319148936168,1.9063829787234043,56.148936170212764,59.0,39.171,247,72706,21621
256k,FF,3,64,full,full,1900.6,135.62810000000002,45.5989,89.82672827633999,140.24161125399405,185.89950415596832,99.07570648683365,20179,2847,23026,205.39136,17639,64728,209,73870,4052,7032.803,390.737,4084.798,17.07777777777778,244.48888888888888,1.3066666666666666,56.53333333333333,59.68888888888889,47.212,215,73870,17639
256k,current,1,64,full,full,1859.1,138.6561,51.3277,79.80096517085316,142.93692024698248,194.3121843690169,90.0892742453436,213972,32924,246896,96.4809728,168745,0,0,0,0,1.772,219.709,3620.28,43.98846153846154,632.8596153846154,8.557692307692307,51.80769230769231,51.34615384615385,41.585,,,0
256k,current,2,64,full,full,1851.5,139.2258,50.33,81.38287303794954,143.44808265200118,193.89724802802084,90.0892742453436,213972,32924,246896,96.4809728,168745,0,0,0,0,1.672,184.604,3685.8,43.71800000000001,636.908,7.74,52.28,51.48,39.309,,,0
256k,current,3,64,full,full,1942.5,132.70770000000002,51.324400000000004,79.8060961258193,136.80935674597276,188.20366951299366,90.0892742453436,213972,32924,246896,96.4809728,168745,0,0,0,0,1.778,505.071,3533.451,44.05,622.948076923077,10.213461538461539,51.5,51.63461538461539,49.162,,,0
32k,6464,1,64,64,64,1599.9,17.736900000000002,44.603,91.83238795596708,18.371643512044102,63.00459300301736,95.24391906631763,88948,15701,104649,312.2274304,87241,97818,156,113076,2302,9258.379,454.509,531.176,31.218181818181815,456.84772727272735,3.9000000000000004,61.56818181818182,63.86363636363637,43.712,156,113076,87241
32k,6464,2,64,64,64,1579.0,17.971799999999998,43.115,95.00173953380494,18.658662869012915,61.78190394199919,95.1950170884235,89816,15909,105725,311.5730944,85345,97430,331,112621,7349,8102.597,212.582,594.708,31.251162790697673,476.72093023255803,1.9279069767441859,62.76744186046512,63.53488372093023,38.43,339,112621,85345
32k,6464,3,64,64,64,1592.2,17.8229,46.4129,88.25132667857427,18.465915084001608,64.92405041895108,95.05517379290285,92575,16227,108802,304.6303744,88449,95104,397,110019,7236,10813.579,174.095,543.856,31.86521739130435,461.3673913043478,4.084782608695653,60.84782608695652,62.97826086956522,45.85,371,110019,88449
32k,64F,1,64,64,full,1550.4,18.3035,33.907199999999996,120.80030200075501,18.911612109979615,52.84274940699106,99.21070571553228,15237,2130,17367,201.8963456,13192,64046,52,72282,894,4968.283,144.323,520.59,16.947058823529414,242.7294117647059,1.7794117647058822,57.6764705882353,61.94117647058823,32.431,56,72282,13192
32k,64F,2,64,64,full,1567.3,18.1063,35.320800000000006,115.96566329188465,18.727721274015494,54.066471503989305,99.03095913321698,18767,2555,21322,197.9017216,15886,62622,176,70678,3897,6016.579,181.759,525.059,19.28611111111111,263.8472222222222,1.963888888888889,57.888888888888886,60.52777777777778,29.486,177,70678,15886
32k,64F,3,64,64,full,1550.3,18.304599999999997,40.055,102.25939333416552,18.935728417010978,59.383253075007815,98.6144742582897,26958,3528,30486,187.803648,24712,59058,453,66829,5509,8421.207,645.651,524.656,21.9525,316.735,2.3125,55.975,57.825,28.097,498,66829,24712
32k,F64,1,64,full,64,1578.9,17.972900000000003,42.9669,95.32919526426156,18.577441500965506,61.56552811397705,95.4282104421175,85534,15060,100594,318.7861504,84477,99994,115,115550,3880,8223.712,113.862,516.642,30.660465116279067,453.7325581395349,3.6697674418604653,62.44186046511628,65.06976744186046,33.252,120,115550,84477
32k,F64,2,64,full,64,1577.5,17.989099999999997,45.0229,90.97592558453587,18.586541910015512,63.63067244098056,95.25105439208842,88818,15674,104492,312.4025344,87183,97806,225,113066,4274,9619.355,147.02,513.171,31.220000000000002,458.48444444444453,3.6777777777777776,61.82222222222222,64.77777777777777,31.071,223,113066,87183
32k,F64,3,64,full,64,1589.4,17.854599999999998,43.6962,93.73812825829249,18.45585598098114,62.17137007100973,95.29609329552065,87944,15557,103501,312.9954304,86179,98096,128,113420,1624,8593.289,156.867,514.418,30.98409090909091,460.8522727272728,3.4454545454545458,62.47727272727273,65.31818181818181,30.542,108,113420,86179
32k,FF,1,64,full,full,1603.5,17.697,33.4525,122.44226888872281,18.310120479029138,51.79957048903452,99.36604675683537,12258,1691,13949,206.2278656,10699,65456,52,73790,1168,4885.472,130.295,522.8,15.548484848484849,230.06363636363636,0.6939393939393939,59.18181818181818,63.09090909090909,56.653,58,73790,10699
32k,FF,2,64,full,full,1596.4,17.7765,34.0785,120.19308361576948,18.463259023963474,52.559577696956694,99.30301047120419,13509,1827,15336,203.9407616,11736,64687,77,72926,2051,5307.305,154.081,538.826,16.53529411764706,239.0470588235294,1.1323529411764706,58.11764705882353,63.61764705882353,32.894,83,72926,11736
32k,FF,3,64,full,full,1579.9,17.962,34.7631,117.82608570582025,18.56417133100331,53.353599894966464,99.31778105002908,13190,1821,15011,204.6667776,12526,64944,56,73273,623,5952.111,151.309,510.488,16.182857142857145,232.60285714285715,1.6742857142857144,56.857142857142854,63.25714285714286,32.541,59,73273,12526
32k,current,1,64,full,full,1529.1,18.5586,41.096199999999996,99.66858249667854,19.18883148598252,60.316296509990934,89.663912521815,196292,31135,227427,87.4177536,151049,0,0,0,0,1.445,201.578,545.287,48.885365853658534,709.1048780487805,10.004878048780487,53.58536585365854,51.90243902439025,52.638,,,0
32k,current,2,64,full,full,1576.5,18.000799999999998,39.247099999999996,104.36439889826255,18.595048199989833,57.868119698017836,89.663912521815,196292,31135,227427,87.4177536,151049,0,0,0,0,1.267,160.791,510.749,47.63333333333333,720.7435897435898,4.487179487179488,52.05128205128205,52.35897435897436,29.971,,,0
32k,current,3,64,full,full,1574.9,18.0185,38.974,105.09570482886028,18.69071601401083,57.71170797600644,89.663912521815,196292,31135,227427,87.4177536,151049,0,0,0,0,1.217,135.365,522.424,47.266666666666666,711.1282051282051,6.715384615384615,53.02564102564103,52.282051282051285,59.175,,,0
