variant,reason,count,bytes,GB,percent_issued,right_censored,interpretation
H4-unfiltered,prediction-wrong,4959,15234048000,15.234048,82.62245918027324,0,"Observed explicit issued-action outcome, not a pre-enqueue rejection subtype."
H4-unfiltered,target-ready-persistent,1043,3204096000,3.2040960000000003,17.377540819726757,0,"Observed explicit issued-action outcome, not a pre-enqueue rejection subtype."
reactive-only,prediction-wrong,1835,5637120000,5.63712,80.02616659398169,0,"Observed explicit issued-action outcome, not a pre-enqueue rejection subtype."
reactive-only,target-ready-persistent,387,1188864000,1.188864,16.877453118185784,0,"Observed explicit issued-action outcome, not a pre-enqueue rejection subtype."
reactive-only,became-resident-before-publication,70,215040000,0.21504,3.0527692978630614,0,"Observed explicit issued-action outcome, not a pre-enqueue rejection subtype."
reactive-only,pending-retired,1,3072000,0.003072,0.043610989969472304,1,"pending-retired with target_reached=0 is unobserved target/censored, not established prediction failure."
conditional,prediction-wrong,1442,4429824000,4.429824,64.3462739848282,0,"Observed explicit issued-action outcome, not a pre-enqueue rejection subtype."
conditional,target-ready-persistent,758,2328576000,2.328576,33.824185631414544,0,"Observed explicit issued-action outcome, not a pre-enqueue rejection subtype."
conditional,late-for-original-target,41,125952000,0.125952,1.8295403837572513,0,"Observed explicit issued-action outcome, not a pre-enqueue rejection subtype."
