label,task,arm,kind,startup_s,warmup_s,shutdown_s,prefill_s,decode_s,wall_s,CPU_pct_median,steal_pct_median,host_peak_rss_GiB,RAM_used_peak_GiB,GPU0_vram_peak_MiB,GPU1_vram_peak_MiB,GPU0_power_peak_W,GPU1_power_peak_W,GPU0_clock_median_MHz,GPU1_clock_median_MHz,swap_total_bytes,swap_used_peak_bytes
code-archive-block1-ORACLE_FULL,code-archive,ORACLE_FULL,main,86.08081553503871,7.6834625079645775,4.371991900028661,9.2013,17.7219,27.81268045597244,11.7,0.25,76.5823860168457,81.60232925415039,23836.0,24028.0,205.51,218.08,2790.0,2805.0,0,0
code-archive-block1-ORACLE_IN_HISTORY_TC,code-archive,ORACLE_IN_HISTORY_TC,main,74.06049942300888,7.555281354987528,4.675387273018714,9.0749,18.5315,28.544285224052146,31.8,1.3,76.56659698486328,81.4231185913086,23836.0,24028.0,223.57,215.53,2790.0,2805.0,0,0
code-archive-block1-ORACLE_IN_LOGISTIC_TC,code-archive,ORACLE_IN_LOGISTIC_TC,main,120.53559270105325,7.782278574013617,5.868722737999633,9.2234,19.4331,29.33579479000764,32.3,2.0,76.5711669921875,81.67673110961914,23836.0,24028.0,229.12,215.09,2790.0,2805.0,0,0
code-archive-block1-REPLAY_CURRENT,code-archive,REPLAY_CURRENT,main,65.06043376098387,7.47878965100972,3.947757709014695,9.1011,19.5032,29.363939540984575,35.55,1.85,76.56139755249023,81.5789909362793,23836.0,24028.0,237.81,213.22,2790.0,2805.0,0,0
code-archive-block2-ORACLE_FULL,code-archive,ORACLE_FULL,main,72.06842391600367,7.730979954008944,4.667607121984474,9.1505,17.7044,27.445812829013448,12.25,0.4,76.57878112792969,81.82125473022461,23836.0,24028.0,230.9,214.13,2790.0,2805.0,0,0
code-archive-block2-ORACLE_IN_HISTORY_TC,code-archive,ORACLE_IN_HISTORY_TC,main,68.06255671702093,7.567762492981274,3.594585765968077,9.0678,19.3472,29.315130900999065,30.3,1.1,76.5804672241211,81.73292922973633,23836.0,24028.0,193.66,222.51,2790.0,2805.0,0,0
code-archive-block2-ORACLE_IN_LOGISTIC_TC,code-archive,ORACLE_IN_LOGISTIC_TC,main,61.08642654801952,7.645839661010541,3.718192299013026,9.1294,20.901400000000002,30.945321277016774,33.4,4.9,76.57475662231445,81.55000686645508,23836.0,24028.0,211.16,218.1,2790.0,2805.0,0,0
code-archive-block2-REPLAY_CURRENT,code-archive,REPLAY_CURRENT,main,103.18940870900406,7.878137531981338,3.853177191980649,9.234,19.4915,29.68610016198363,36.8,2.05,76.56111526489258,81.45748138427734,23836.0,24028.0,220.45,214.81,2790.0,2805.0,0,0
code-archive-block3-ORACLE_FULL,code-archive,ORACLE_FULL,main,66.072355248034,7.764541518990882,5.095341351989191,9.2324,17.3577,27.178470329963602,11.0,0.6,76.58337020874023,81.35522079467773,23836.0,24028.0,204.52,218.24,2790.0,2805.0,0,0
code-archive-block3-ORACLE_IN_HISTORY_TC,code-archive,ORACLE_IN_HISTORY_TC,main,66.08228120702552,7.5139683880261146,5.4750482980161905,9.1172,19.860400000000002,29.87870322802337,32.3,2.95,76.57626342773438,81.40585708618164,23836.0,24028.0,230.46,211.74,2790.0,2805.0,0,0
code-archive-block3-ORACLE_IN_LOGISTIC_TC,code-archive,ORACLE_IN_LOGISTIC_TC,main,65.10604986199178,7.65727483399678,3.6327260499820113,9.290899999999999,20.3771,30.58244733797619,32.9,3.1,76.57878112792969,81.49050903320312,23836.0,24028.0,221.15,214.15,2790.0,2805.0,0,0
code-archive-block3-REPLAY_CURRENT,code-archive,REPLAY_CURRENT,main,68.06861812301213,7.478038921020925,4.734298106981441,9.0517,19.7909,29.54192248499021,37.099999999999994,3.55,76.55746459960938,81.58780288696289,23836.0,24028.0,224.99,213.18,2790.0,2805.0,0,0
dev-math-rational-OFF1,math-rational,LOGISTIC_OFF,development,76.07789415400475,7.581456643994898,4.596598982985597,12.3828,19.5858,32.722138887038454,33.9,3.3,76.53277206420898,81.3392562866211,23836.0,24028.0,251.83,237.32,2790.0,2805.0,,
dev-math-rational-OFF2,math-rational,LOGISTIC_OFF,development,95.10720031900564,7.650637950981036,5.936586383031681,12.354700000000001,20.63,33.88087377900956,33.400000000000006,3.75,76.53647994995117,81.35807418823242,23836.0,24028.0,241.16,227.95,2790.0,2805.0,,
dev-math-rational-ON2,math-rational,ORACLE_IN_LOGISTIC_TC,development,65.08645724598318,7.627662001003046,5.129310558026191,12.5042,18.5566,31.98366378596984,31.1,2.2,76.53086853027344,81.42877960205078,23836.0,24028.0,252.23,230.15,2790.0,2805.0,,
dev-math-rational-ON3,math-rational,ORACLE_IN_LOGISTIC_TC,development,69.10295526898699,7.50532012298936,3.659161114017479,12.389100000000001,19.085,32.20558666897705,31.8,3.4,76.53812408447266,81.48157501220703,23836.0,24028.0,250.74,229.74,2790.0,2805.0,,
math-inventory-block1-ORACLE_FULL,math-inventory,ORACLE_FULL,main,68.08542332600337,7.52285646495875,4.074772891995963,1.1120999999999999,17.3919,19.058233288000338,12.75,0.7,76.55673599243164,81.46913146972656,23836.0,24026.0,177.01,196.27,2790.0,2805.0,0,0
math-inventory-block1-ORACLE_IN_HISTORY_TC,math-inventory,ORACLE_IN_HISTORY_TC,main,62.05922583898064,7.596989548008423,5.360969888977706,1.1275,20.2838,22.294362874003127,37.3,7.8,76.55278396606445,81.38192367553711,23836.0,24026.0,165.77,181.32,2790.0,2805.0,0,0
math-inventory-block1-ORACLE_IN_LOGISTIC_TC,math-inventory,ORACLE_IN_LOGISTIC_TC,main,108.27641067904187,7.7339750319952145,5.303326377004851,1.1187,19.351599999999998,21.36733922199346,35.900000000000006,7.15,76.55446243286133,81.58396530151367,23836.0,24026.0,173.09,192.35,2790.0,2805.0,0,0
math-inventory-block1-REPLAY_CURRENT,math-inventory,REPLAY_CURRENT,main,105.10855730302865,7.543306956009474,5.6768245350103825,1.1107,20.7987,22.50692977599101,41.9,9.9,76.53939819335938,81.31176376342773,23836.0,24026.0,169.61,186.21,2790.0,2805.0,0,0
math-inventory-block2-ORACLE_FULL,math-inventory,ORACLE_FULL,main,64.06364150904119,7.503621993993875,3.5468877570237964,1.1248,16.519,18.23174304899294,10.3,0.3,76.5550651550293,81.40607833862305,23836.0,24026.0,181.4,201.09,2790.0,2805.0,0,0
math-inventory-block2-ORACLE_IN_HISTORY_TC,math-inventory,ORACLE_IN_HISTORY_TC,main,63.06226051598787,7.5132673580083065,4.148516551009379,1.1253,18.9785,20.68136730400147,35.4,4.8,76.55557250976562,81.37002182006836,23836.0,24026.0,174.52,190.91,2790.0,2805.0,0,0
math-inventory-block2-ORACLE_IN_LOGISTIC_TC,math-inventory,ORACLE_IN_LOGISTIC_TC,main,65.06022551294882,7.6349367299699225,4.667724741972052,1.1285999999999998,17.8377,19.83769641199615,32.7,1.05,76.5561294555664,81.40281295776367,23836.0,24026.0,174.79,193.19,2790.0,2805.0,0,0
math-inventory-block2-REPLAY_CURRENT,math-inventory,REPLAY_CURRENT,main,60.05002844601404,7.46053322404623,5.2653472509700805,1.1209,20.229400000000002,22.12317078502383,40.2,7.8,76.53558731079102,81.36416625976562,23836.0,24026.0,171.27,189.92,2790.0,2805.0,0,0
math-inventory-block3-ORACLE_FULL,math-inventory,ORACLE_FULL,main,60.06102392898174,7.440482077014167,4.152482261997648,1.1178,16.748099999999997,18.57344654604094,10.7,0.6,76.55968475341797,81.68219757080078,23836.0,24026.0,179.91,199.12,2790.0,2805.0,0,0
math-inventory-block3-ORACLE_IN_HISTORY_TC,math-inventory,ORACLE_IN_HISTORY_TC,main,70.10425050801132,7.798720593040343,5.132558748999145,1.1300999999999999,17.7848,19.58155635400908,34.4,1.85,76.55756378173828,81.39119338989258,23836.0,24026.0,176.02,195.68,2790.0,2805.0,0,0
math-inventory-block3-ORACLE_IN_LOGISTIC_TC,math-inventory,ORACLE_IN_LOGISTIC_TC,main,69.0961590410443,7.58794811804546,3.893947531003505,1.1278,19.3052,21.067606589000206,34.099999999999994,3.95,76.55171966552734,81.52387619018555,23836.0,24026.0,169.82,186.22,2790.0,2805.0,0,0
math-inventory-block3-REPLAY_CURRENT,math-inventory,REPLAY_CURRENT,main,65.08222923096037,7.61859046400059,5.384658852999564,1.1218,21.0955,23.084047292999458,42.3,10.350000000000001,76.54061889648438,81.45134735107422,23836.0,24026.0,166.59,183.74,2790.0,2805.0,0,0
mixed-chinook-block1-ORACLE_FULL,mixed-chinook,ORACLE_FULL,main,70.09459459001664,7.817065842973534,3.9071576349670067,4.325,16.845,21.866195560025517,18.95,1.4,76.47225570678711,81.32385635375977,23836.0,24026.0,175.26,195.86,2790.0,2805.0,0,0
mixed-chinook-block1-ORACLE_IN_HISTORY_TC,mixed-chinook,ORACLE_IN_HISTORY_TC,main,64.08642649801914,7.634576020995155,5.636018095014151,4.293699999999999,17.5368,22.702698339009658,43.3,5.6,76.46588134765625,81.51264572143555,23836.0,24026.0,168.06,184.33,2790.0,2805.0,0,0
mixed-chinook-block1-ORACLE_IN_LOGISTIC_TC,mixed-chinook,ORACLE_IN_LOGISTIC_TC,main,70.06863380299183,7.475911513029132,4.660432057979051,4.2687,15.693200000000001,20.828907834016718,40.5,1.3,76.47297286987305,81.86138916015625,23836.0,24026.0,168.66,184.64,2790.0,2805.0,0,0
mixed-chinook-block1-REPLAY_CURRENT,mixed-chinook,REPLAY_CURRENT,main,79.58952335303184,7.5119799739914015,4.533126197988167,4.3099,18.998900000000003,24.17640560003929,47.4,7.7,76.44815063476562,81.37468338012695,23836.0,24026.0,167.8,185.48,2790.0,2805.0,0,0
mixed-chinook-block2-ORACLE_FULL,mixed-chinook,ORACLE_FULL,main,81.0753200739855,7.624110856035259,4.479471797007136,4.274100000000001,15.7581,20.63053414603928,16.1,1.7,76.47433471679688,81.33887100219727,23836.0,24026.0,178.36,197.45,2790.0,2805.0,0,0
mixed-chinook-block2-ORACLE_IN_HISTORY_TC,mixed-chinook,ORACLE_IN_HISTORY_TC,main,67.08080811600666,7.627694827970117,4.095236051012762,4.2764,16.3279,21.248369210981764,42.45,1.95,76.47343063354492,81.3763198852539,23836.0,24026.0,169.41,186.19,2790.0,2805.0,0,0
mixed-chinook-block2-ORACLE_IN_LOGISTIC_TC,mixed-chinook,ORACLE_IN_LOGISTIC_TC,main,77.07183979899855,7.552379166998435,4.790888431016356,4.2664,16.6602,21.708888460008893,43.349999999999994,3.75,76.4749870300293,81.33802032470703,23836.0,24026.0,168.81,184.8,2790.0,2805.0,0,0
mixed-chinook-block2-REPLAY_CURRENT,mixed-chinook,REPLAY_CURRENT,main,79.13024084002245,7.673826653975993,4.976185681007337,4.2842,18.9975,24.143639551009983,48.4,6.5,76.45258331298828,81.4074478149414,23836.0,24026.0,167.19,184.19,2790.0,2805.0,0,0
mixed-chinook-block3-ORACLE_FULL,mixed-chinook,ORACLE_FULL,main,59.05850186798489,7.474446983949747,6.450224317028187,4.2642,15.4642,20.593774908978958,15.8,0.4,76.47040939331055,81.3674430847168,23836.0,24026.0,175.22,195.41,2790.0,2805.0,0,0
mixed-chinook-block3-ORACLE_IN_HISTORY_TC,mixed-chinook,ORACLE_IN_HISTORY_TC,main,71.10724477603799,7.6488289419794455,5.177972245961428,4.2865,17.619,22.79658353299601,43.9,6.6,76.47226333618164,81.38387298583984,23836.0,24026.0,166.95,181.87,2790.0,2805.0,0,0
mixed-chinook-block3-ORACLE_IN_LOGISTIC_TC,mixed-chinook,ORACLE_IN_LOGISTIC_TC,main,57.07313528499799,7.589984514983371,4.887692933960352,4.2915,16.0151,21.181782362051308,41.25,1.9,76.46913528442383,81.44854736328125,23836.0,24026.0,169.5,185.37,2790.0,2805.0,0,0
mixed-chinook-block3-REPLAY_CURRENT,mixed-chinook,REPLAY_CURRENT,main,108.29606780596077,7.6407146389828995,4.016942328016739,4.3147,18.524,23.426310764043592,48.4,5.05,76.45660018920898,81.45516586303711,23836.0,24026.0,168.1,183.36,2790.0,2805.0,0,0
smoke-math-rational-LOGISTIC_TC,math-rational,ORACLE_IN_LOGISTIC_TC,,97.06890707701677,7.657641527010128,4.315686933987308,12.545399999999999,19.3824,32.82891031401232,33.7,4.1,76.53817367553711,81.7347412109375,23836.0,24028.0,249.94,226.54,2775.0,2805.0,,
text-json-rfc8259-block1-ORACLE_FULL,text-json-rfc8259,ORACLE_FULL,independent,59.06472617597319,7.44166645599762,3.57209478400182,6.08,22.0514,28.696685451024678,10.6,0.2,76.64263916015625,81.57296752929688,23836.0,24026.0,179.09,200.81,2790.0,2805.0,0,0
text-json-rfc8259-block1-ORACLE_IN_HISTORY_TC,text-json-rfc8259,ORACLE_IN_HISTORY_TC,independent,96.08512550703017,7.671941392996814,4.362885830982123,6.2113000000000005,25.7039,32.74233690201072,34.7,6.4,76.63759994506836,82.63854217529297,23836.0,24026.0,169.52,185.84,2790.0,2805.0,0,0
text-json-rfc8259-block1-ORACLE_IN_LOGISTIC_TC,text-json-rfc8259,ORACLE_IN_LOGISTIC_TC,independent,107.25828311400255,7.590434990997892,4.812717609980609,6.1028,22.6498,29.354030765010975,31.3,0.8,76.64609146118164,81.65200424194336,23836.0,24026.0,176.68,197.25,2790.0,2805.0,0,0
text-json-rfc8259-block1-REPLAY_CURRENT,text-json-rfc8259,REPLAY_CURRENT,independent,78.1183358450071,7.720265823008958,5.324754780041985,6.11,24.9545,31.80195062799612,40.150000000000006,6.25,76.6274185180664,81.95469284057617,23836.0,24026.0,175.35,194.78,2790.0,2805.0,0,0
text-json-rfc8259-block2-ORACLE_FULL,text-json-rfc8259,ORACLE_FULL,independent,83.08875084796455,7.599271014041733,4.631367616995703,6.0988999999999995,22.5461,29.356964926992077,12.0,0.35,76.63611602783203,83.0595474243164,23836.0,24026.0,178.44,199.55,2790.0,2805.0,0,0
text-json-rfc8259-block2-ORACLE_IN_HISTORY_TC,text-json-rfc8259,ORACLE_IN_HISTORY_TC,independent,103.00735329394229,7.635566962999292,5.249669469019864,6.067,24.5299,31.523694312025327,34.849999999999994,6.800000000000001,76.64170455932617,81.68579864501953,23836.0,24026.0,173.25,192.01,2790.0,2805.0,0,0
text-json-rfc8259-block2-ORACLE_IN_LOGISTIC_TC,text-json-rfc8259,ORACLE_IN_LOGISTIC_TC,independent,73.0730524219689,7.5076562439789996,4.986040187999606,6.0992,26.1292,33.18685071897926,35.599999999999994,6.15,76.63955307006836,81.88040542602539,23836.0,24026.0,167.97,183.67,2790.0,2805.0,0,0
text-json-rfc8259-block2-REPLAY_CURRENT,text-json-rfc8259,REPLAY_CURRENT,independent,63.059081356972456,7.630791016970761,5.255405340983998,6.1198999999999995,25.442700000000002,32.41478356695734,40.9,5.4,76.6288833618164,81.57184219360352,23836.0,24026.0,173.2,192.38,2790.0,2805.0,0,0
text-websocket-block1-ORACLE_FULL,text-websocket,ORACLE_FULL,main,70.08904344699113,7.574092390015721,4.545434952015057,20.641099999999998,15.712,37.310926979000214,11.75,0.4,76.53418350219727,81.42314910888672,23836.0,24028.0,258.11,237.45,2790.0,2805.0,0,0
text-websocket-block1-ORACLE_IN_HISTORY_TC,text-websocket,ORACLE_IN_HISTORY_TC,main,67.08998517296277,7.692743031017017,5.649260805977974,20.566599999999998,18.2918,39.916142483998556,13.95,2.1,76.52925491333008,81.4410629272461,23836.0,24028.0,255.75,238.08,2790.0,2805.0,0,0
text-websocket-block1-ORACLE_IN_LOGISTIC_TC,text-websocket,ORACLE_IN_LOGISTIC_TC,main,98.68428776197834,7.591916790988762,5.005877667979803,20.221,18.1316,39.341365529049654,11.75,1.25,76.5298957824707,81.37234878540039,23836.0,24028.0,257.37,240.96,2790.0,2805.0,0,0
text-websocket-block1-REPLAY_CURRENT,text-websocket,REPLAY_CURRENT,main,82.07318135700189,7.504545592004433,5.5090417139581405,20.2746,16.606099999999998,37.93466627801536,12.65,1.7999999999999998,76.5090560913086,81.40645980834961,23836.0,24028.0,253.82,239.66,2790.0,2805.0,0,0
text-websocket-block2-ORACLE_FULL,text-websocket,ORACLE_FULL,main,71.08780184300849,7.6554217300144956,5.709840825002175,20.4028,15.534,36.70062351599336,11.0,0.4,76.52840423583984,81.56060791015625,23836.0,24028.0,257.91,238.05,2790.0,2805.0,0,0
text-websocket-block2-ORACLE_IN_HISTORY_TC,text-websocket,ORACLE_IN_HISTORY_TC,main,72.09700352296932,7.677396000013687,3.9283565360237844,20.480400000000003,16.0933,37.30792356200982,13.35,0.8500000000000001,76.51541137695312,81.8824462890625,23836.0,24028.0,255.82,238.48,2790.0,2805.0,0,0
text-websocket-block2-ORACLE_IN_LOGISTIC_TC,text-websocket,ORACLE_IN_LOGISTIC_TC,main,79.07619510398945,7.504462567041628,4.339306581998244,20.1393,17.2308,38.24751662102062,10.7,1.1,76.52584457397461,81.40334701538086,23836.0,24028.0,256.17,238.08,2790.0,2805.0,0,0
text-websocket-block2-REPLAY_CURRENT,text-websocket,REPLAY_CURRENT,main,68.06052977300715,7.429063836985733,5.275595181970857,20.1831,17.1815,37.994698373018764,11.6,0.9,76.51094818115234,81.46919631958008,23836.0,24028.0,251.38,236.53,2790.0,2805.0,0,0
text-websocket-block3-ORACLE_FULL,text-websocket,ORACLE_FULL,main,57.06260592100443,7.577974854968488,4.643639375048224,20.394299999999998,15.2728,36.33045149000827,11.7,0.4,76.52801513671875,81.42300415039062,23836.0,24028.0,256.76,240.91,2790.0,2805.0,0,0
text-websocket-block3-ORACLE_IN_HISTORY_TC,text-websocket,ORACLE_IN_HISTORY_TC,main,59.07132259698119,7.64377650199458,4.378713478974532,20.5404,17.2377,38.814434255997185,12.7,1.6,76.52942657470703,81.40413284301758,23836.0,24028.0,252.77,237.93,2790.0,2805.0,0,0
text-websocket-block3-ORACLE_IN_LOGISTIC_TC,text-websocket,ORACLE_IN_LOGISTIC_TC,main,59.067556867026724,7.480346541968174,4.15515016997233,20.404700000000002,15.9481,36.97870039299596,10.4,0.3,76.53047561645508,81.77432250976562,23836.0,24028.0,255.38,242.23,2790.0,2805.0,0,0
text-websocket-block3-REPLAY_CURRENT,text-websocket,REPLAY_CURRENT,main,73.06525156303542,7.492000774014741,4.376671266974881,20.3581,16.5853,37.56593966699438,9.85,0.55,76.51578521728516,81.28006744384766,23836.0,24028.0,255.5,236.2,2790.0,2805.0,0,0
