phase,family,profile,role,attempts,valid_fixed_length,PP_median,TG_median,TTFT_s_median,wall_s_median,actual_input_tokens_median,actual_output_tokens_median,mtp_proposed_median,mtp_accepted_median,mtp_acceptance_pct_median,verify_windows_median,hit_rate_pct_median,local_vram_entries_median,cpu_fallback_entries_median,offloaded_entries_median,CPU_VM_mean_pct_median,CPU_process_mean_one_core_100_median
P0,code,32k,default,3,3,2458.1,114.8,11.70234471099684,47.402512405999005,28400,4096,3456,2469,72.13541666666667,1627,99.1,2403442,20578,440,94.1138888888889,1492.7972222222222
P0,code,32k,sleep100us,3,3,2459.2,152.3,11.695582724001724,38.58759563899366,28400,4096,3456,2469,72.13541666666667,1627,99.1,2403442,20578,440,21.037037037037038,269.7888888888889
P0,code,128k,default,3,3,3539.8,128.2,36.40399745898321,68.33637072698912,126716,4096,3506,2411,68.76782658300057,1688,99.0,2468540,23790,790,94.40571428571428,1496.8771428571429
P0,code,128k,sleep100us,3,3,3548.4,144.2,36.385531959007494,64.78778076899471,126716,4096,3506,2411,68.76782658300057,1688,99.0,2468540,23790,790,17.464285714285715,245.62142857142857
P0,math,32k,default,3,3,2238.7,150.8,12.81795517296996,39.96988048101775,28411,4096,3466,2796,80.66935949221003,1301,98.7,2256469,30719,967,96.38518518518518,1529.237037037037
P0,math,32k,sleep100us,3,3,2258.3,172.8,12.724601355032064,36.3746642540209,28411,4096,3466,2796,80.66935949221003,1301,98.7,2256469,30719,967,27.583333333333332,361.4291666666667
P0,math,128k,default,3,3,3390.9,167.0,37.93889620702248,62.46477571100695,126717,4096,3390,2772,81.76991150442478,1325,98.6,2230079,31486,1054,96.104,1527.924
P0,math,128k,sleep100us,3,3,3380.2,165.1,37.99041299597593,62.880396224034484,126717,4096,3390,2772,81.76991150442478,1325,98.6,2230079,31486,1054,27.130769230769232,352.61538461538464
P0,prose,32k,default,3,3,1943.0,118.4,14.792574265040457,49.47067171597155,28408,4096,3451,2624,75.46735691688237,1475,99.0,2352983,23484,493,95.30857142857143,1512.44
P0,prose,32k,sleep100us,3,3,1958.6,166.1,14.666381405957509,39.48041297803866,28408,4096,3451,2624,75.46735691688237,1475,99.0,2352983,23484,493,21.624,293.31600000000003
P0,prose,128k,default,3,3,3212.0,152.2,40.08028626802843,67.17026071000146,126717,4096,3426,2590,75.59836544074723,1506,99.0,2343512,23011,502,97.79629629629629,1554.7518518518518
P0,prose,128k,sleep100us,3,3,3314.2,160.5,38.551437748013996,63.968711523048114,126717,4096,3426,2590,75.59836544074723,1506,99.0,2343512,23011,502,18.464,261.352
