task,arm,input,output,windows,publications,completed_bytes,avoided_entries_per_GB,late,reloads_beyond_first,victim_absent_entries,nonlocal
code-archive,ORACLE_FULL,6983,2048,769,19872,63044608000,1096.7155192716878,44,6735,858,1685
code-archive,ORACLE_IN_HISTORY_TC,6983,2048,769,9682,30585548800,1009.1367070712819,20,1351,15420,39962
code-archive,ORACLE_IN_LOGISTIC_TC,6983,2048,769,9266,29162393600,1024.6758345652397,22,1339,15660,40945
code-archive,REPLAY_CURRENT,6983,2048,769,,,,,,,70827
code-archive,ORACLE_FULL,6983,2048,769,19845,62963712000,1095.9328446200886,42,6723,968,1823
code-archive,ORACLE_IN_HISTORY_TC,6983,2048,769,9667,30539468800,1009.0221346613599,19,1344,15382,40012
code-archive,ORACLE_IN_LOGISTIC_TC,6983,2048,769,9294,29249331200,1031.305632041255,25,1349,15587,40662
code-archive,REPLAY_CURRENT,6983,2048,769,,,,,,,70827
code-archive,ORACLE_FULL,6983,2048,769,20036,63550873600,1095.6104307588935,19,6832,569,1200
code-archive,ORACLE_IN_HISTORY_TC,6983,2048,769,9676,30566604800,1012.608374483253,12,1339,15367,39875
code-archive,ORACLE_IN_LOGISTIC_TC,6983,2048,769,9276,29191577600,1027.077070339631,32,1350,15560,40845
code-archive,REPLAY_CURRENT,6983,2048,769,,,,,,,70827
math-inventory,ORACLE_FULL,165,2048,766,19991,63238246400,1185.2637330563298,42,6847,608,3026
math-inventory,ORACLE_IN_HISTORY_TC,165,2048,766,10649,33602969600,1099.2183262279295,23,1678,18092,41043
math-inventory,ORACLE_IN_LOGISTIC_TC,165,2048,766,10258,32225894400,1126.9198474131413,26,1467,18174,41664
math-inventory,REPLAY_CURRENT,165,2048,766,,,,,,,77980
math-inventory,ORACLE_FULL,165,2048,766,20300,64187494400,1188.4402205299355,8,7039,91,1697
math-inventory,ORACLE_IN_HISTORY_TC,165,2048,766,10646,33593753600,1102.0501144593738,8,1676,18130,40958
math-inventory,ORACLE_IN_LOGISTIC_TC,165,2048,766,10274,32275558400,1136.1228687525977,6,1472,18141,41311
math-inventory,REPLAY_CURRENT,165,2048,766,,,,,,,77980
math-inventory,ORACLE_FULL,165,2048,766,20239,64000102400,1191.6074684280507,8,7013,112,1717
math-inventory,ORACLE_IN_HISTORY_TC,165,2048,766,10645,33590681600,1102.6272238548443,18,1675,18086,40942
math-inventory,ORACLE_IN_LOGISTIC_TC,165,2048,766,10265,32247910400,1130.46084375129,26,1465,18190,41525
math-inventory,REPLAY_CURRENT,165,2048,766,,,,,,,77980
mixed-chinook,ORACLE_FULL,1899,2048,548,28385,88915456000,1067.9020754276962,178,12600,6703,15580
mixed-chinook,ORACLE_IN_HISTORY_TC,1899,2048,548,12182,38027878400,1405.994818790627,50,2320,24634,57066
mixed-chinook,ORACLE_IN_LOGISTIC_TC,1899,2048,548,11794,36772556800,1469.3294321051942,15,2150,24248,56502
mixed-chinook,REPLAY_CURRENT,1899,2048,548,,,,,,,110533
mixed-chinook,ORACLE_FULL,1899,2048,548,29806,93282611200,1057.699808471914,65,13712,4315,11868
mixed-chinook,ORACLE_IN_HISTORY_TC,1899,2048,548,12239,38202982400,1423.2396683249526,14,2334,24617,56161
mixed-chinook,ORACLE_IN_LOGISTIC_TC,1899,2048,548,11773,36708044800,1472.3747967094123,8,2142,24200,56485
mixed-chinook,REPLAY_CURRENT,1899,2048,548,,,,,,,110533
mixed-chinook,ORACLE_FULL,1899,2048,548,29970,93786419200,1049.9814455012267,85,13867,3990,12059
mixed-chinook,ORACLE_IN_HISTORY_TC,1899,2048,548,12221,38148198400,1412.4127025615971,41,2335,24684,56652
mixed-chinook,ORACLE_IN_LOGISTIC_TC,1899,2048,548,11773,36708044800,1469.7595661646353,20,2142,24199,56581
mixed-chinook,REPLAY_CURRENT,1899,2048,548,,,,,,,110533
text-json-rfc8259,ORACLE_FULL,2699,2816,949,25679,81114112000,1067.853643025766,6,11878,302,810
text-json-rfc8259,ORACLE_IN_HISTORY_TC,2699,2816,949,11415,35968614400,1020.8344305862391,15,2514,21099,50710
text-json-rfc8259,ORACLE_IN_LOGISTIC_TC,2699,2816,949,10956,34380083200,1053.7205448065931,1,2424,20964,51201
text-json-rfc8259,REPLAY_CURRENT,2699,2816,949,,,,,,,87428
text-json-rfc8259,ORACLE_FULL,2699,2816,949,25356,80121856000,1068.9717422422168,21,11620,507,1780
text-json-rfc8259,ORACLE_IN_HISTORY_TC,2699,2816,949,11411,35955814400,1020.780661277415,18,2513,21127,50725
text-json-rfc8259,ORACLE_IN_LOGISTIC_TC,2699,2816,949,10912,34244403200,1047.587244855241,28,2404,21090,51554
text-json-rfc8259,REPLAY_CURRENT,2699,2816,949,,,,,,,87428
text-websocket,ORACLE_FULL,30383,1773,636,18376,57982464000,1107.1450844172473,76,5742,929,2606
text-websocket,ORACLE_IN_HISTORY_TC,30383,1773,636,9611,30232678400,1066.7926795397657,48,1228,13547,34549
text-websocket,ORACLE_IN_LOGISTIC_TC,30383,1773,636,9382,29393203200,1093.994410245155,25,1156,13413,34645
text-websocket,REPLAY_CURRENT,30383,1773,636,,,,,,,66801
text-websocket,ORACLE_FULL,30383,1773,636,18483,58309120000,1106.0876926285289,59,5841,1175,2306
text-websocket,ORACLE_IN_HISTORY_TC,30383,1773,636,9642,30327910400,1072.8401518886049,25,1244,13434,34264
text-websocket,ORACLE_IN_LOGISTIC_TC,30383,1773,636,9388,29411532800,1095.5566382449813,12,1160,13438,34579
text-websocket,REPLAY_CURRENT,30383,1773,636,,,,,,,66801
text-websocket,ORACLE_FULL,30383,1773,636,18568,58571776000,1110.517802977325,26,5891,900,1756
text-websocket,ORACLE_IN_HISTORY_TC,30383,1773,636,9639,30318694400,1074.2217184655549,26,1244,13410,34232
text-websocket,ORACLE_IN_LOGISTIC_TC,30383,1773,636,9409,29476044800,1100.1136760383808,0,1160,13318,34374
text-websocket,REPLAY_CURRENT,30383,1773,636,,,,,,,66801
