task,arm,valid,tok_s_min,tok_s_median,tok_s_max,decode_s_median,wall_s_median,local_pct_median,cpu_median,mapped_median,copy_GB_median,planner_wall_ms,planner_CPU_ms,GPU_plan_wait_ms,copy_queries_lookups,copy_queries_hits,copy_queries_misses
code-archive,PLANNER_BASELINE,3,96.57370818518764,96.84222472313905,99.44209488756924,21.1478,31.281427938025445,96.70298089591567,36954.0,3085.0,30.5286144,1791.349,1316.487,2088.736768,0.0,0.0,0.0
code-archive,PLANNER_OPT,3,96.63203389670564,97.00184720314499,97.72251196480462,21.113,31.40005575399846,96.69351119894598,37072.0,3097.0,30.4702464,1711.133,1229.258,1990.060032,1696315.0,1650284.0,46031.0
code-archive,REPLAY_CURRENT,3,96.20940578477843,96.62291586068939,97.83221393153657,21.1958,31.45731845300179,94.1677371541502,63663.0,7164.0,34.1275648,1.563,54.404,300.735488,0.0,0.0,0.0
math-inventory,PLANNER_BASELINE,3,99.4841204301911,100.50843132251035,104.57996946346596,20.3764,22.371152697945945,96.6704618863049,38392.0,2846.0,33.4794752,1862.496,1346.6,2153.293824,0.0,0.0,0.0
math-inventory,PLANNER_OPT,3,100.15061713905678,101.64831074206245,106.01676182982445,20.1479,22.124881271040067,96.6625484496124,38482.0,2847.0,33.5204352,1817.194,1283.242,2106.810368,1744653.0,1695943.0,48710.0
math-inventory,REPLAY_CURRENT,3,96.3202648807284,96.38826397582761,96.834440530509,21.247400000000003,23.238463405054063,93.703165374677,69946.0,8034.0,36.373504,1.603,56.487,298.896384,0.0,0.0,0.0
mixed-chinook,PLANNER_BASELINE,3,109.18415763462758,112.19827538979038,112.37311385459533,18.253400000000003,23.424387178965844,94.45883909119203,51161.0,5811.0,38.075904,2031.77,1400.736,2284.365824,0.0,0.0,0.0
mixed-chinook,PLANNER_OPT,3,111.92357718245509,113.58657371202919,122.0391502547448,18.0303,23.19735103403218,94.45776921879863,51166.0,5817.0,38.057984,1916.286,1289.395,2158.148608,2085020.0,2020576.0,64528.0
mixed-chinook,REPLAY_CURRENT,3,101.62964727366563,102.2961693880711,117.69573812698266,20.0203,25.20256066089496,89.2494358854653,93526.0,17007.0,35.6499456,1.093,40.304,262.76352,0.0,0.0,0.0
text-json-rfc8259,PLANNER_BASELINE,2,106.65091141838894,107.16743256632205,107.68395371425514,26.27725,33.36469267855864,96.85715348007139,47381.5,3336.5,35.970560000000006,2217.782,1638.5575,2603.6485119999998,0.0,0.0,0.0
text-json-rfc8259,PLANNER_OPT,2,107.64073376119507,114.58860166695919,121.53646957272333,24.66555,31.769105290528387,96.86257559984136,47315.5,3315.0,35.999744,1692.127,1214.9725,1976.5539840000001,2354799.0,2294912.5,59886.5
text-json-rfc8259,REPLAY_CURRENT,2,107.84396326565002,107.88405488020739,107.92414649476476,26.1021,33.229921646998264,94.58234186000396,79422.0,8006.0,41.0033152,2.0255,68.675,376.817664,0.0,0.0,0.0
text-websocket,PLANNER_BASELINE,3,95.5913671236865,95.91041869522881,97.30530706327863,18.486,40.38536099391058,96.71791951404708,32209.0,2369.0,30.210048,1685.306,1223.591,1937.620992,0.0,0.0,0.0
text-websocket,PLANNER_OPT,3,97.18583158841005,97.4561364935579,100.89111953293043,18.1928,40.17154276696965,96.72655656795747,32130.0,2370.0,30.179328,1595.65,1123.33,1840.177152,1365398.0,1324380.0,41018.0
text-websocket,REPLAY_CURRENT,3,94.31603585392452,94.5453769816935,96.10120709186798,18.7529,40.6878010960063,93.65973804100227,60227.0,6574.0,32.6185984,1.369,46.396,267.675648,0.0,0.0,0.0
