episode,split,rank,rows,top10_precision_pct,nonlocal_recall_pct,true_nonlocal_entries,predicted_nonresident_entries,false_positive_nonresident_entries,nonresident_proposal_precision_pct,CPU_factor_bytes
dev-code,development,0,1272,69.82704402515724,59.85401459854015,137,567,485,14.462081128747796,31457280
dev-code,development,32,1272,47.90880503144654,19.708029197080293,137,573,546,4.712041884816754,2359296
dev-code,development,128,1272,63.278301886792455,39.416058394160586,137,579,525,9.32642487046632,9437184
dev-math,development,0,1404,71.98005698005699,45.2,250,529,416,21.361058601134214,31457280
dev-math,development,32,1404,47.02991452991453,20.4,250,1132,1081,4.5053003533568905,2359296
dev-math,development,128,1404,64.70797720797721,34.4,250,640,554,13.4375,9437184
cal-prose,calibration,0,1110,70.77477477477477,64.57142857142857,700,1066,614,42.4015009380863,31457280
cal-prose,calibration,32,1110,46.108108108108105,41.0,700,1558,1271,18.42105263157895,2359296
cal-prose,calibration,128,1110,63.67567567567568,55.57142857142857,700,1214,825,32.042833607907745,9437184
hold-code,holdout,0,1164,70.80756013745705,57.08661417322835,254,563,418,25.75488454706927,31457280
hold-code,holdout,32,1164,46.75257731958763,22.04724409448819,254,743,687,7.537012113055182,2359296
hold-code,holdout,128,1164,64.0721649484536,43.7007874015748,254,636,525,17.452830188679247,9437184
hold-structured,holdout,0,1404,66.84472934472934,50.18867924528302,265,563,430,23.623445825932503,31457280
hold-structured,holdout,32,1404,38.47578347578347,14.339622641509434,265,981,943,3.873598369011213,2359296
hold-structured,holdout,128,1404,59.25925925925926,31.32075471698113,265,672,589,12.351190476190476,9437184
hold-math,holdout,0,1404,69.97863247863248,52.690582959641254,446,760,525,30.92105263157895,31457280
hold-math,holdout,32,1404,46.88034188034188,31.614349775784753,446,1334,1193,10.569715142428786,2359296
hold-math,holdout,128,1404,63.11965811965812,39.01345291479821,446,846,672,20.56737588652482,9437184
32k,benchmark,0,1116,70.81541218637993,58.035714285714285,112,334,269,19.461077844311376,31457280
32k,benchmark,32,1116,47.5,22.321428571428573,112,432,407,5.787037037037037,2359296
32k,benchmark,128,1116,64.47132616487455,41.07142857142857,112,407,361,11.302211302211303,9437184
128k,benchmark,0,1140,68.5,44.73684210526316,190,463,378,18.3585313174946,31457280
128k,benchmark,32,1140,46.23684210526316,18.94736842105263,190,610,574,5.901639344262295,2359296
128k,benchmark,128,1140,61.85964912280702,27.894736842105264,190,486,433,10.905349794238683,9437184
