experiment_id,status,context,ncmoe,gpu_expert_layers,tensor_split,safe,draft_fully_gpu_resident,startup_seconds,smoke_wall_seconds,smoke_server_tg_tps,startup_vram_used_mib,peak_vram_used_mib,peak_free_vram_mib,error
ctx131072-ncmoe34-ts70_30,FAILED,131072,34,14,"70,30",False,,,,,,,,RuntimeError('server exited during startup rc=1')
ctx131072-ncmoe34-ts75_25,FAILED,131072,34,14,"75,25",False,,,,,,,,RuntimeError('server exited during startup rc=1')
ctx131072-ncmoe34-ts80_20,COMPLETE,131072,34,14,"80,20",False,True,65.0883776740011,3.565294872998493,21.498047658782987,"[20744.0, 22864.0]","[20808.0, 22914.0]","[3275.0, 1169.0]",
ctx131072-ncmoe34-ts82_18,COMPLETE,131072,34,14,"82,18",False,True,59.07910417300445,3.467861739001819,22.44835008783956,"[23002.0, 20606.0]","[23066.0, 20654.0]","[1017.0, 3429.0]",
ctx131072-ncmoe34-ts84_16,FAILED,131072,34,14,"84,16",False,,,,,,,,RuntimeError('server exited during startup rc=1')
ctx131072-ncmoe34-ts85_15,FAILED,131072,34,14,"85,15",False,,,,,,,,RuntimeError('server exited during startup rc=1')
ctx131072-ncmoe34-ts87_13,FAILED,131072,34,14,"87,13",False,,,,,,,,RuntimeError('server exited during startup rc=1')
ctx131072-ncmoe34-ts90_10,FAILED,131072,34,14,"90,10",False,,,,,,,,RuntimeError('server exited during startup rc=1')
ctx131072-ncmoe34-ts92_8,FAILED,131072,34,14,"92,8",False,,,,,,,,RuntimeError('server exited during startup rc=1')
ctx131072-ncmoe35-ts70_30,FAILED,131072,35,13,"70,30",False,,,,,,,,RuntimeError('server exited during startup rc=1')
ctx131072-ncmoe35-ts75_25,FAILED,131072,35,13,"75,25",False,,,,,,,,RuntimeError('server exited during startup rc=1')
ctx131072-ncmoe35-ts80_20,COMPLETE,131072,35,13,"80,20",False,True,59.12026639900432,3.5504234039981384,21.613276727132384,"[18582.0, 22864.0]","[18648.0, 22914.0]","[5435.0, 1169.0]",
ctx131072-ncmoe35-ts82_18,COMPLETE,131072,35,13,"82,18",True,True,59.08027073500125,3.6175936510044266,20.480247167325814,"[20840.0, 20606.0]","[20906.0, 20654.0]","[3177.0, 3429.0]",
ctx131072-ncmoe35-ts84_16,COMPLETE,131072,35,13,"84,16",False,True,63.08588659700035,3.952351913001621,22.20236344158836,"[23098.0, 18346.0]","[23164.0, 18394.0]","[919.0, 5689.0]",
ctx131072-ncmoe35-ts85_15,COMPLETE,131072,35,13,"85,15",False,True,61.09141813300084,4.790398659999482,18.619422984081723,"[23098.0, 18346.0]","[23164.0, 18394.0]","[919.0, 5689.0]",
ctx131072-ncmoe35-ts87_13,FAILED,131072,35,13,"87,13",False,,,,,,,,RuntimeError('server exited during startup rc=1')
ctx131072-ncmoe35-ts90_10,FAILED,131072,35,13,"90,10",False,,,,,,,,RuntimeError('server exited during startup rc=1')
ctx131072-ncmoe35-ts92_8,FAILED,131072,35,13,"92,8",False,,,,,,,,RuntimeError('server exited during startup rc=1')
ctx131072-ncmoe36-ts70_30,FAILED,131072,36,12,"70,30",False,,,,,,,,RuntimeError('server exited during startup rc=1')
ctx131072-ncmoe36-ts75_25,FAILED,131072,36,12,"75,25",False,,,,,,,,RuntimeError('server exited during startup rc=1')
ctx131072-ncmoe36-ts80_20,COMPLETE,131072,36,12,"80,20",False,True,64.09504564599774,5.90117313600058,18.25890871719428,"[16418.0, 22864.0]","[16482.0, 22914.0]","[7601.0, 1169.0]",
ctx131072-ncmoe36-ts82_18,COMPLETE,131072,36,12,"82,18",True,True,65.09430838700064,3.8453966550005134,22.29592263314846,"[18676.0, 20606.0]","[18742.0, 20654.0]","[5341.0, 3429.0]",
ctx131072-ncmoe36-ts84_16,COMPLETE,131072,36,12,"84,16",True,True,68.09718468799838,3.6108746379977674,22.16992934126806,"[20936.0, 18346.0]","[21002.0, 18394.0]","[3081.0, 5689.0]",
ctx131072-ncmoe36-ts85_15,COMPLETE,131072,36,12,"85,15",True,True,67.09326661200612,4.241530122999393,21.59121052664047,"[20936.0, 18346.0]","[21002.0, 18394.0]","[3081.0, 5689.0]",
ctx131072-ncmoe36-ts87_13,COMPLETE,131072,36,12,"87,13",False,True,68.09746896699653,4.394124381004076,21.757915218729213,"[23194.0, 16090.0]","[23260.0, 16138.0]","[823.0, 7945.0]",
ctx131072-ncmoe36-ts90_10,FAILED,131072,36,12,"90,10",False,,,,,,,,RuntimeError('server exited during startup rc=1')
ctx131072-ncmoe36-ts92_8,FAILED,131072,36,12,"92,8",False,,,,,,,,RuntimeError('server exited during startup rc=1')
ctx131072-ncmoe37-ts70_30,FAILED,131072,37,11,"70,30",False,,,,,,,,RuntimeError('server exited during startup rc=1')
ctx131072-ncmoe37-ts75_25,FAILED,131072,37,11,"75,25",False,,,,,,,,RuntimeError('server exited during startup rc=1')
ctx131072-ncmoe37-ts80_20,COMPLETE,131072,37,11,"80,20",False,True,61.07749095100007,3.959962958993856,19.372836699901846,"[14256.0, 22864.0]","[14322.0, 22914.0]","[9761.0, 1169.0]",
ctx131072-ncmoe37-ts82_18,COMPLETE,131072,37,11,"82,18",True,True,66.08906266599661,4.093651385999692,19.753751200772008,"[16514.0, 20606.0]","[16580.0, 20654.0]","[7503.0, 3429.0]",
ctx131072-ncmoe37-ts84_16,COMPLETE,131072,37,11,"84,16",True,True,64.09009593699739,3.8911875400008284,20.59909806467659,"[18774.0, 18346.0]","[18842.0, 18394.0]","[5241.0, 5689.0]",
ctx131072-ncmoe37-ts85_15,COMPLETE,131072,37,11,"85,15",True,True,64.09713967800053,4.509973936001188,19.90168567277648,"[18774.0, 18346.0]","[18842.0, 18394.0]","[5241.0, 5689.0]",
ctx131072-ncmoe37-ts87_13,COMPLETE,131072,37,11,"87,13",True,True,59.08127200200397,3.679556818002311,20.077991843873534,"[21032.0, 16090.0]","[21100.0, 16138.0]","[2983.0, 7945.0]",
ctx131072-ncmoe37-ts90_10,FAILED,131072,37,11,"90,10",False,,,,,,,,RuntimeError('server exited during startup rc=1')
ctx131072-ncmoe37-ts92_8,FAILED,131072,37,11,"92,8",False,,,,,,,,RuntimeError('server exited during startup rc=1')
ctx131072-ncmoe38-ts70_30,FAILED,131072,38,10,"70,30",False,,,,,,,,RuntimeError('server exited during startup rc=1')
ctx131072-ncmoe38-ts75_25,FAILED,131072,38,10,"75,25",False,,,,,,,,RuntimeError('server exited during startup rc=1')
ctx131072-ncmoe38-ts80_20,COMPLETE,131072,38,10,"80,20",False,True,58.08316711500083,3.9339026450034,19.0510145345633,"[12094.0, 22864.0]","[12158.0, 22914.0]","[11925.0, 1169.0]",
ctx131072-ncmoe38-ts82_18,COMPLETE,131072,38,10,"82,18",True,True,61.08548119199986,4.365767698000127,19.867737632333323,"[14352.0, 20606.0]","[14418.0, 20654.0]","[9665.0, 3429.0]",
ctx131072-ncmoe38-ts84_16,COMPLETE,131072,38,10,"84,16",True,True,61.08505102300114,5.1700544970008195,18.69904093954667,"[16612.0, 18346.0]","[16678.0, 18394.0]","[7405.0, 5689.0]",
ctx131072-ncmoe38-ts85_15,COMPLETE,131072,38,10,"85,15",True,True,65.08838064000156,3.999442281005031,19.327192808075452,"[16612.0, 18346.0]","[16678.0, 18394.0]","[7405.0, 5689.0]",
ctx131072-ncmoe38-ts87_13,COMPLETE,131072,38,10,"87,13",True,True,65.09831497500272,4.8848747560041375,18.982574674398,"[18870.0, 16090.0]","[18938.0, 16138.0]","[5145.0, 7945.0]",
ctx131072-ncmoe38-ts90_10,COMPLETE,131072,38,10,"90,10",False,True,64.08158472100331,4.631814267006121,18.951661756155737,"[23554.0, 11336.0]","[23622.0, 11382.0]","[461.0, 12701.0]",
ctx131072-ncmoe38-ts92_8,FAILED,131072,38,10,"92,8",False,,,,,,,,RuntimeError('server exited during startup rc=1')
ctx131072-ncmoe39-ts70_30,FAILED,131072,39,9,"70,30",False,,,,,,,,RuntimeError('server exited during startup rc=1')
ctx131072-ncmoe39-ts75_25,FAILED,131072,39,9,"75,25",False,,,,,,,,RuntimeError('server exited during startup rc=1')
ctx131072-ncmoe39-ts80_20,COMPLETE,131072,39,9,"80,20",False,True,59.073658235996845,4.127031748997979,19.549167241677665,"[9932.0, 22864.0]","[9996.0, 22914.0]","[14087.0, 1169.0]",
ctx131072-ncmoe39-ts82_18,COMPLETE,131072,39,9,"82,18",True,True,62.08269028799987,3.9598781049935496,19.500089917081286,"[12190.0, 20606.0]","[12254.0, 20654.0]","[11829.0, 3429.0]",
ctx131072-ncmoe39-ts84_16,COMPLETE,131072,39,9,"84,16",True,True,63.097385275003035,5.4132680669936235,16.711364408631233,"[14448.0, 18346.0]","[14514.0, 18394.0]","[9569.0, 5689.0]",
ctx131072-ncmoe39-ts85_15,COMPLETE,131072,39,9,"85,15",True,True,64.08984238499397,3.8691322849990684,19.678339323079705,"[14448.0, 18346.0]","[14514.0, 18394.0]","[9569.0, 5689.0]",
ctx131072-ncmoe39-ts87_13,COMPLETE,131072,39,9,"87,13",True,True,57.081450468002004,3.820717193004384,20.539848065983122,"[16706.0, 16090.0]","[16772.0, 16138.0]","[7311.0, 7945.0]",
ctx131072-ncmoe39-ts90_10,COMPLETE,131072,39,9,"90,10",True,True,58.07921615099622,3.9131659350023256,19.038848417624898,"[21392.0, 11336.0]","[21460.0, 11382.0]","[2623.0, 12701.0]",
ctx131072-ncmoe39-ts92_8,COMPLETE,131072,39,9,"92,8",False,True,58.07794407699839,3.8697517330001574,19.54974759103666,"[23650.0, 9080.0]","[23718.0, 9124.0]","[365.0, 14959.0]",
ctx131072-ncmoe40-ts70_30,COMPLETE,131072,40,8,"70,30",False,True,59.09371454000211,4.053494033003517,19.136205843205015,"[6952.0, 23684.0]","[7012.0, 23738.0]","[17071.0, 345.0]",
ctx131072-ncmoe40-ts75_25,COMPLETE,131072,40,8,"75,25",False,True,61.11465938699985,4.137496816998464,19.34084952174377,"[7314.0, 23322.0]","[7376.0, 23374.0]","[16707.0, 709.0]",
ctx131072-ncmoe40-ts80_20,COMPLETE,131072,40,8,"80,20",False,True,60.087194795996766,4.4026177970008575,19.13391401219043,"[7768.0, 22864.0]","[7832.0, 22914.0]","[16251.0, 1169.0]",
ctx131072-ncmoe40-ts82_18,COMPLETE,131072,40,8,"82,18",True,True,61.107721653002955,4.144247021002229,18.5079063033816,"[10026.0, 20606.0]","[10090.0, 20654.0]","[13993.0, 3429.0]",
ctx131072-ncmoe40-ts84_16,COMPLETE,131072,40,8,"84,16",True,True,58.079804048997175,3.988128364995646,18.61126850270277,"[12286.0, 18346.0]","[12352.0, 18394.0]","[11731.0, 5689.0]",
ctx131072-ncmoe40-ts85_15,COMPLETE,131072,40,8,"85,15",True,True,66.10487142000056,5.602993683998648,16.75150996249523,"[12286.0, 18346.0]","[12352.0, 18394.0]","[11731.0, 5689.0]",
ctx131072-ncmoe40-ts87_13,COMPLETE,131072,40,8,"87,13",True,True,82.12421228200401,4.1290163209996535,19.1813403920666,"[14544.0, 16090.0]","[14612.0, 16138.0]","[9471.0, 7945.0]",
ctx131072-ncmoe40-ts90_10,COMPLETE,131072,40,8,"90,10",True,True,61.09717895599897,4.247538905998226,19.386343254593665,"[19230.0, 11336.0]","[19298.0, 11382.0]","[4785.0, 12701.0]",
ctx131072-ncmoe40-ts92_8,COMPLETE,131072,40,8,"92,8",True,True,59.079615516995545,4.162810245004948,18.452958624366104,"[21488.0, 9080.0]","[21558.0, 9124.0]","[2525.0, 14959.0]",
ctx131072-ncmoe41-ts70_30,COMPLETE,131072,41,7,"70,30",True,True,57.105675794999115,4.16829791499913,18.737582169316806,"[6952.0, 21522.0]","[7012.0, 21574.0]","[17071.0, 2509.0]",
ctx131072-ncmoe41-ts75_25,COMPLETE,131072,41,7,"75,25",True,True,58.071979128995736,4.02629500200419,18.5653776335332,"[7314.0, 21158.0]","[7376.0, 21208.0]","[16707.0, 2875.0]",
ctx131072-ncmoe41-ts80_20,COMPLETE,131072,41,7,"80,20",True,True,57.077715275998344,3.992159638000885,19.033882425593383,"[7768.0, 20706.0]","[7832.0, 20754.0]","[16251.0, 3329.0]",
ctx131072-ncmoe41-ts82_18,COMPLETE,131072,41,7,"82,18",True,True,58.08746799799701,4.064571108996461,19.97492037774794,"[7864.0, 20606.0]","[7928.0, 20654.0]","[16155.0, 3429.0]",
ctx131072-ncmoe41-ts84_16,COMPLETE,131072,41,7,"84,16",True,True,63.09202581400314,5.871758157998556,17.244892158747536,"[10124.0, 18346.0]","[10190.0, 18394.0]","[13893.0, 5689.0]",
ctx131072-ncmoe41-ts85_15,COMPLETE,131072,41,7,"85,15",True,True,71.11126430200238,5.159447319005267,18.064719869719916,"[10124.0, 18346.0]","[10190.0, 18394.0]","[13893.0, 5689.0]",
ctx131072-ncmoe41-ts87_13,COMPLETE,131072,41,7,"87,13",True,True,60.08470305499941,3.9701032169978134,19.43670975377288,"[12382.0, 16090.0]","[12448.0, 16138.0]","[11635.0, 7945.0]",
ctx131072-ncmoe41-ts90_10,COMPLETE,131072,41,7,"90,10",True,True,64.09638777600048,4.117129257996567,19.297375414000175,"[17066.0, 11336.0]","[17134.0, 11382.0]","[6949.0, 12701.0]",
ctx131072-ncmoe41-ts92_8,COMPLETE,131072,41,7,"92,8",True,True,56.075815953998244,3.9603023050003685,18.90278438013919,"[19324.0, 9080.0]","[19392.0, 9124.0]","[4691.0, 14959.0]",
ctx32768-ncmoe34-ts70_30,FAILED,32768,34,14,"70,30",False,,,,,,,,RuntimeError('server exited during startup rc=1')
ctx32768-ncmoe34-ts75_25,FAILED,32768,34,14,"75,25",False,,,,,,,,RuntimeError('server exited during startup rc=1')
ctx32768-ncmoe34-ts80_20,COMPLETE,32768,34,14,"80,20",True,True,59.07658860599622,3.481758826004807,21.42328361809109,"[19300.0, 22088.0]","[19364.0, 22138.0]","[4719.0, 1945.0]",
ctx32768-ncmoe34-ts82_18,COMPLETE,32768,34,14,"82,18",True,True,59.09442695000325,3.433569079003064,21.82899488797279,"[21558.0, 19830.0]","[21622.0, 19878.0]","[2461.0, 4205.0]",
ctx32768-ncmoe34-ts84_16,COMPLETE,32768,34,14,"84,16",False,True,59.079382942996745,3.4228840099967783,22.281125081284845,"[23818.0, 17570.0]","[23884.0, 17618.0]","[199.0, 6465.0]",
ctx32768-ncmoe34-ts85_15,COMPLETE,32768,34,14,"85,15",False,True,60.085938762000296,3.52089541299938,21.616809230857914,"[23818.0, 17570.0]","[23884.0, 17618.0]","[199.0, 6465.0]",
ctx32768-ncmoe34-ts87_13,FAILED,32768,34,14,"87,13",False,,,,,,,,RuntimeError('server exited during startup rc=1')
ctx32768-ncmoe34-ts90_10,FAILED,32768,34,14,"90,10",False,,,,,,,,RuntimeError('server exited during startup rc=1')
ctx32768-ncmoe34-ts92_8,FAILED,32768,34,14,"92,8",False,,,,,,,,RuntimeError('server exited during startup rc=1')
ctx32768-ncmoe35-ts70_30,FAILED,32768,35,13,"70,30",False,,,,,,,,RuntimeError('server exited during startup rc=1')
ctx32768-ncmoe35-ts75_25,FAILED,32768,35,13,"75,25",False,,,,,,,,RuntimeError('server exited during startup rc=1')
ctx32768-ncmoe35-ts80_20,COMPLETE,32768,35,13,"80,20",True,True,57.07760107899958,3.5101668540009996,22.199388565412086,"[17138.0, 22088.0]","[17204.0, 22138.0]","[6879.0, 1945.0]",
ctx32768-ncmoe35-ts82_18,COMPLETE,32768,35,13,"82,18",True,True,58.07473159499932,3.4664020470008836,22.905140813443353,"[19396.0, 19830.0]","[19462.0, 19878.0]","[4621.0, 4205.0]",
ctx32768-ncmoe35-ts84_16,COMPLETE,32768,35,13,"84,16",True,True,58.07573486099864,3.4887448020017473,23.068221794361634,"[21654.0, 17570.0]","[21720.0, 17618.0]","[2363.0, 6465.0]",
ctx32768-ncmoe35-ts85_15,COMPLETE,32768,35,13,"85,15",True,True,60.073442665001494,3.6158526560029713,20.38250685907753,"[21654.0, 17570.0]","[21720.0, 17618.0]","[2363.0, 6465.0]",
ctx32768-ncmoe35-ts87_13,COMPLETE,32768,35,13,"87,13",False,True,59.096314312002505,3.48595256099361,22.65143088279907,"[23912.0, 15314.0]","[23980.0, 15362.0]","[103.0, 8721.0]",
ctx32768-ncmoe35-ts90_10,FAILED,32768,35,13,"90,10",False,,,,,,,,RuntimeError('server exited during startup rc=1')
ctx32768-ncmoe35-ts92_8,FAILED,32768,35,13,"92,8",False,,,,,,,,RuntimeError('server exited during startup rc=1')
ctx32768-ncmoe36-ts70_30,FAILED,32768,36,12,"70,30",False,,,,,,,,RuntimeError('server exited during startup rc=1')
ctx32768-ncmoe36-ts75_25,FAILED,32768,36,12,"75,25",False,,,,,,,,RuntimeError('server exited during startup rc=1')
ctx32768-ncmoe36-ts80_20,COMPLETE,32768,36,12,"80,20",True,True,60.087148869002704,3.5513963069970487,22.156123121576186,"[14974.0, 22088.0]","[15038.0, 22138.0]","[9045.0, 1945.0]",
ctx32768-ncmoe36-ts82_18,COMPLETE,32768,36,12,"82,18",True,True,59.074549393997586,3.596543510000629,21.51368769962589,"[17232.0, 19830.0]","[17298.0, 19878.0]","[6785.0, 4205.0]",
ctx32768-ncmoe36-ts84_16,COMPLETE,32768,36,12,"84,16",True,True,59.070992906003084,3.567624833995069,21.90104170740521,"[19492.0, 17570.0]","[19558.0, 17618.0]","[4525.0, 6465.0]",
ctx32768-ncmoe36-ts85_15,COMPLETE,32768,36,12,"85,15",True,True,59.09443016900332,3.6118600400004652,21.063226540267248,"[19492.0, 17570.0]","[19558.0, 17618.0]","[4525.0, 6465.0]",
ctx32768-ncmoe36-ts87_13,COMPLETE,32768,36,12,"87,13",True,True,59.0726322690025,3.6257436250016326,21.127658595146524,"[21750.0, 15314.0]","[21816.0, 15362.0]","[2267.0, 8721.0]",
ctx32768-ncmoe36-ts90_10,FAILED,32768,36,12,"90,10",False,,,,,,,,RuntimeError('server exited during startup rc=1')
ctx32768-ncmoe36-ts92_8,FAILED,32768,36,12,"92,8",False,,,,,,,,RuntimeError('server exited during startup rc=1')
ctx32768-ncmoe37-ts70_30,FAILED,32768,37,11,"70,30",False,,,,,,,,RuntimeError('server exited during startup rc=1')
ctx32768-ncmoe37-ts75_25,FAILED,32768,37,11,"75,25",False,,,,,,,,RuntimeError('server exited during startup rc=1')
ctx32768-ncmoe37-ts80_20,COMPLETE,32768,37,11,"80,20",True,True,59.07942883799842,3.806978271000844,20.771579555534355,"[12812.0, 22088.0]","[12878.0, 22138.0]","[11205.0, 1945.0]",
ctx32768-ncmoe37-ts82_18,COMPLETE,32768,37,11,"82,18",True,True,58.07636063999962,3.6993620339999325,20.05623173118707,"[15070.0, 19830.0]","[15136.0, 19878.0]","[8947.0, 4205.0]",
ctx32768-ncmoe37-ts84_16,COMPLETE,32768,37,11,"84,16",True,True,58.08666347599501,3.6800338870016276,20.508660351518436,"[17330.0, 17570.0]","[17398.0, 17618.0]","[6685.0, 6465.0]",
ctx32768-ncmoe37-ts85_15,COMPLETE,32768,37,11,"85,15",True,True,60.08511727699806,3.61899005700252,21.36459633177794,"[17330.0, 17570.0]","[17398.0, 17618.0]","[6685.0, 6465.0]",
ctx32768-ncmoe37-ts87_13,COMPLETE,32768,37,11,"87,13",True,True,59.07356753599743,3.6503539839977748,21.016710620133075,"[19588.0, 15314.0]","[19656.0, 15362.0]","[4427.0, 8721.0]",
ctx32768-ncmoe37-ts90_10,FAILED,32768,37,11,"90,10",False,,,,,,,,RuntimeError('server exited during startup rc=1')
ctx32768-ncmoe37-ts92_8,FAILED,32768,37,11,"92,8",False,,,,,,,,RuntimeError('server exited during startup rc=1')
ctx32768-ncmoe38-ts70_30,FAILED,32768,38,10,"70,30",False,,,,,,,,RuntimeError('server exited during startup rc=1')
ctx32768-ncmoe38-ts75_25,FAILED,32768,38,10,"75,25",False,,,,,,,,RuntimeError('server exited during startup rc=1')
ctx32768-ncmoe38-ts80_20,COMPLETE,32768,38,10,"80,20",True,True,60.110075509001035,4.152165875006176,19.784881806529295,"[10650.0, 22088.0]","[10714.0, 22138.0]","[13369.0, 1945.0]",
ctx32768-ncmoe38-ts82_18,COMPLETE,32768,38,10,"82,18",True,True,61.08689388500352,4.466876423997746,18.796904149886515,"[12908.0, 19830.0]","[12974.0, 19878.0]","[11109.0, 4205.0]",
ctx32768-ncmoe38-ts84_16,COMPLETE,32768,38,10,"84,16",True,True,62.08227763399918,3.905863453001075,19.80667272656535,"[15168.0, 17570.0]","[15234.0, 17618.0]","[8849.0, 6465.0]",
ctx32768-ncmoe38-ts85_15,COMPLETE,32768,38,10,"85,15",True,True,59.08500602699496,3.7268904829979874,21.54704720804136,"[15168.0, 17570.0]","[15234.0, 17618.0]","[8849.0, 6465.0]",
ctx32768-ncmoe38-ts87_13,COMPLETE,32768,38,10,"87,13",True,True,62.08316686999751,4.109497289995488,20.805484325668246,"[17426.0, 15314.0]","[17494.0, 15362.0]","[6589.0, 8721.0]",
ctx32768-ncmoe38-ts90_10,COMPLETE,32768,38,10,"90,10",True,True,65.0974830250052,4.833175132996985,19.319884853486272,"[21972.0, 10752.0]","[22040.0, 10798.0]","[2043.0, 13285.0]",
ctx32768-ncmoe38-ts92_8,FAILED,32768,38,10,"92,8",False,,,,,,,,RuntimeError('server exited during startup rc=1')
ctx32768-ncmoe39-ts70_30,FAILED,32768,39,9,"70,30",False,,,,,,,,RuntimeError('server exited during startup rc=1')
ctx32768-ncmoe39-ts75_25,FAILED,32768,39,9,"75,25",False,,,,,,,,RuntimeError('server exited during startup rc=1')
ctx32768-ncmoe39-ts80_20,COMPLETE,32768,39,9,"80,20",True,True,58.07453331600118,3.9162840730059543,18.949442886379142,"[8488.0, 22088.0]","[8552.0, 22138.0]","[15531.0, 1945.0]",
ctx32768-ncmoe39-ts82_18,COMPLETE,32768,39,9,"82,18",True,True,59.07351385200309,3.8887748650013236,19.263616166026686,"[10746.0, 19830.0]","[10810.0, 19878.0]","[13273.0, 4205.0]",
ctx32768-ncmoe39-ts84_16,COMPLETE,32768,39,9,"84,16",True,True,59.07997864799836,3.89516641299997,19.33015984610329,"[13004.0, 17570.0]","[13070.0, 17618.0]","[11013.0, 6465.0]",
ctx32768-ncmoe39-ts85_15,COMPLETE,32768,39,9,"85,15",True,True,60.07599817500159,3.8936233969943714,19.283524228319784,"[13004.0, 17570.0]","[13070.0, 17618.0]","[11013.0, 6465.0]",
ctx32768-ncmoe39-ts87_13,COMPLETE,32768,39,9,"87,13",True,True,58.07771352499549,3.8681498209989513,19.892037806659708,"[15262.0, 15314.0]","[15328.0, 15362.0]","[8755.0, 8721.0]",
ctx32768-ncmoe39-ts90_10,COMPLETE,32768,39,9,"90,10",True,True,61.0772253200048,3.9175833289991715,18.920627267847408,"[19810.0, 10752.0]","[19878.0, 10798.0]","[4205.0, 13285.0]",
ctx32768-ncmoe39-ts92_8,COMPLETE,32768,39,9,"92,8",True,True,60.08217925200006,3.8431708739954047,19.89916283484948,"[22068.0, 8496.0]","[22136.0, 8540.0]","[1947.0, 15543.0]",
ctx32768-ncmoe40-ts70_30,COMPLETE,32768,40,8,"70,30",True,True,58.07924306500354,3.9439815200021258,19.224032603959298,"[5790.0, 22628.0]","[5850.0, 22682.0]","[18233.0, 1401.0]",
ctx32768-ncmoe40-ts75_25,COMPLETE,32768,40,8,"75,25",True,True,59.08111280499725,3.9368140530059463,19.511955408677906,"[6012.0, 22410.0]","[6074.0, 22462.0]","[18009.0, 1621.0]",
ctx32768-ncmoe40-ts80_20,COMPLETE,32768,40,8,"80,20",True,True,59.087061924998125,3.963274369998544,19.14828431372549,"[6324.0, 22088.0]","[6388.0, 22138.0]","[17695.0, 1945.0]",
ctx32768-ncmoe40-ts82_18,COMPLETE,32768,40,8,"82,18",True,True,58.07835312899988,3.955220174997521,18.787091459040315,"[8582.0, 19830.0]","[8646.0, 19878.0]","[15437.0, 4205.0]",
ctx32768-ncmoe40-ts84_16,COMPLETE,32768,40,8,"84,16",True,True,58.08655300200189,3.8877266199997393,19.75473400250666,"[10842.0, 17570.0]","[10908.0, 17618.0]","[13175.0, 6465.0]",
ctx32768-ncmoe40-ts85_15,COMPLETE,32768,40,8,"85,15",True,True,59.07936069100106,3.9069225579951308,19.842407192652136,"[10842.0, 17570.0]","[10908.0, 17618.0]","[13175.0, 6465.0]",
ctx32768-ncmoe40-ts87_13,COMPLETE,32768,40,8,"87,13",True,True,59.08347590799531,3.916066318997764,19.86377862039436,"[13100.0, 15314.0]","[13168.0, 15362.0]","[10915.0, 8721.0]",
ctx32768-ncmoe40-ts90_10,COMPLETE,32768,40,8,"90,10",True,True,58.078285698997206,3.9218743500023265,19.396273042053995,"[17648.0, 10752.0]","[17716.0, 10798.0]","[6367.0, 13285.0]",
ctx32768-ncmoe40-ts92_8,COMPLETE,32768,40,8,"92,8",True,True,57.07611618999363,3.9530774189988733,19.683862586226255,"[19906.0, 8496.0]","[19976.0, 8540.0]","[4107.0, 15543.0]",
ctx65536-ncmoe34-ts70_30,FAILED,65536,34,14,"70,30",False,,,,,,,,RuntimeError('server exited during startup rc=1')
ctx65536-ncmoe34-ts75_25,FAILED,65536,34,14,"75,25",False,,,,,,,,RuntimeError('server exited during startup rc=1')
ctx65536-ncmoe34-ts80_20,COMPLETE,65536,34,14,"80,20",True,True,60.08125244400435,3.4592824390056194,21.513429957849613,"[19784.0, 22348.0]","[19848.0, 22398.0]","[4235.0, 1685.0]",
ctx65536-ncmoe34-ts82_18,COMPLETE,65536,34,14,"82,18",True,True,59.09639563699602,3.548809262996656,20.67003052274507,"[22042.0, 20090.0]","[22106.0, 20138.0]","[1977.0, 3945.0]",
ctx65536-ncmoe34-ts84_16,FAILED,65536,34,14,"84,16",False,,,,,,,,RuntimeError('server exited during startup rc=1')
ctx65536-ncmoe34-ts85_15,FAILED,65536,34,14,"85,15",False,,,,,,,,RuntimeError('server exited during startup rc=1')
ctx65536-ncmoe34-ts87_13,FAILED,65536,34,14,"87,13",False,,,,,,,,RuntimeError('server exited during startup rc=1')
ctx65536-ncmoe34-ts90_10,FAILED,65536,34,14,"90,10",False,,,,,,,,RuntimeError('server exited during startup rc=1')
ctx65536-ncmoe34-ts92_8,FAILED,65536,34,14,"92,8",False,,,,,,,,RuntimeError('server exited during startup rc=1')
ctx65536-ncmoe35-ts70_30,FAILED,65536,35,13,"70,30",False,,,,,,,,RuntimeError('server exited during startup rc=1')
ctx65536-ncmoe35-ts75_25,FAILED,65536,35,13,"75,25",False,,,,,,,,RuntimeError('server exited during startup rc=1')
ctx65536-ncmoe35-ts80_20,COMPLETE,65536,35,13,"80,20",True,True,74.10719548500492,3.7714963859980344,22.194795795988608,"[17622.0, 22348.0]","[17688.0, 22398.0]","[6395.0, 1685.0]",
ctx65536-ncmoe35-ts82_18,COMPLETE,65536,35,13,"82,18",True,True,72.10932611499447,3.9155911119960365,19.51390853831068,"[19880.0, 20090.0]","[19946.0, 20138.0]","[4137.0, 3945.0]",
ctx65536-ncmoe35-ts84_16,COMPLETE,65536,35,13,"84,16",True,True,83.12137093400088,4.377587060000224,19.846515554352163,"[22138.0, 17830.0]","[22204.0, 17878.0]","[1879.0, 6205.0]",
ctx65536-ncmoe35-ts85_15,COMPLETE,65536,35,13,"85,15",True,True,76.12447737599723,3.4996575440018205,22.796439196197554,"[22138.0, 17830.0]","[22204.0, 17878.0]","[1879.0, 6205.0]",
ctx65536-ncmoe35-ts87_13,FAILED,65536,35,13,"87,13",False,,,,,,,,RuntimeError('server exited during startup rc=1')
ctx65536-ncmoe35-ts90_10,FAILED,65536,35,13,"90,10",False,,,,,,,,RuntimeError('server exited during startup rc=1')
ctx65536-ncmoe35-ts92_8,FAILED,65536,35,13,"92,8",False,,,,,,,,RuntimeError('server exited during startup rc=1')
ctx65536-ncmoe36-ts70_30,FAILED,65536,36,12,"70,30",False,,,,,,,,RuntimeError('server exited during startup rc=1')
ctx65536-ncmoe36-ts75_25,FAILED,65536,36,12,"75,25",False,,,,,,,,RuntimeError('server exited during startup rc=1')
ctx65536-ncmoe36-ts80_20,COMPLETE,65536,36,12,"80,20",True,True,65.10090334899724,3.7775109670037637,21.095250329048234,"[15458.0, 22348.0]","[15522.0, 22398.0]","[8561.0, 1685.0]",
ctx65536-ncmoe36-ts82_18,COMPLETE,65536,36,12,"82,18",True,True,59.07736271399335,3.5556605259989738,22.2081570560867,"[17716.0, 20090.0]","[17782.0, 20138.0]","[6301.0, 3945.0]",
ctx65536-ncmoe36-ts84_16,COMPLETE,65536,36,12,"84,16",True,True,60.086790073000884,3.6406611780039384,20.70820584844108,"[19976.0, 17830.0]","[20042.0, 17878.0]","[4041.0, 6205.0]",
ctx65536-ncmoe36-ts85_15,COMPLETE,65536,36,12,"85,15",True,True,61.09289709899895,3.5921913659985876,21.74465101000021,"[19976.0, 17830.0]","[20042.0, 17878.0]","[4041.0, 6205.0]",
ctx65536-ncmoe36-ts87_13,COMPLETE,65536,36,12,"87,13",True,True,58.077611697000975,3.619882762999623,21.277646692275834,"[22234.0, 15572.0]","[22300.0, 15620.0]","[1783.0, 8463.0]",
ctx65536-ncmoe36-ts90_10,FAILED,65536,36,12,"90,10",False,,,,,,,,RuntimeError('server exited during startup rc=1')
ctx65536-ncmoe36-ts92_8,FAILED,65536,36,12,"92,8",False,,,,,,,,RuntimeError('server exited during startup rc=1')
ctx65536-ncmoe37-ts70_30,FAILED,65536,37,11,"70,30",False,,,,,,,,RuntimeError('server exited during startup rc=1')
ctx65536-ncmoe37-ts75_25,FAILED,65536,37,11,"75,25",False,,,,,,,,RuntimeError('server exited during startup rc=1')
ctx65536-ncmoe37-ts80_20,COMPLETE,65536,37,11,"80,20",True,True,63.08183972299594,4.400499347997538,20.81946975123818,"[13296.0, 22348.0]","[13362.0, 22398.0]","[10721.0, 1685.0]",
ctx65536-ncmoe37-ts82_18,COMPLETE,65536,37,11,"82,18",True,True,61.080513925997366,3.6784101760058547,20.395136892914202,"[15554.0, 20090.0]","[15620.0, 20138.0]","[8463.0, 3945.0]",
ctx65536-ncmoe37-ts84_16,COMPLETE,65536,37,11,"84,16",True,True,59.079464139002084,3.743812714004889,20.264732460498784,"[17814.0, 17830.0]","[17882.0, 17878.0]","[6201.0, 6205.0]",
ctx65536-ncmoe37-ts85_15,COMPLETE,65536,37,11,"85,15",True,True,62.09332511499815,5.5407562510008574,17.199961013421703,"[17814.0, 17830.0]","[17882.0, 17878.0]","[6201.0, 6205.0]",
ctx65536-ncmoe37-ts87_13,COMPLETE,65536,37,11,"87,13",True,True,69.11900305900053,4.899064544995781,18.762143276064787,"[20072.0, 15572.0]","[20140.0, 15620.0]","[3943.0, 8463.0]",
ctx65536-ncmoe37-ts90_10,FAILED,65536,37,11,"90,10",False,,,,,,,,RuntimeError('server exited during startup rc=1')
ctx65536-ncmoe37-ts92_8,FAILED,65536,37,11,"92,8",False,,,,,,,,RuntimeError('server exited during startup rc=1')
ctx65536-ncmoe38-ts70_30,FAILED,65536,38,10,"70,30",False,,,,,,,,RuntimeError('server exited during startup rc=1')
ctx65536-ncmoe38-ts75_25,FAILED,65536,38,10,"75,25",False,,,,,,,,RuntimeError('server exited during startup rc=1')
ctx65536-ncmoe38-ts80_20,COMPLETE,65536,38,10,"80,20",True,True,71.11354913999821,3.952680240996415,20.541970547216085,"[11134.0, 22348.0]","[11198.0, 22398.0]","[12885.0, 1685.0]",
ctx65536-ncmoe38-ts82_18,COMPLETE,65536,38,10,"82,18",True,True,65.09308440799941,4.40736557800119,20.154817793249,"[13392.0, 20090.0]","[13458.0, 20138.0]","[10625.0, 3945.0]",
ctx65536-ncmoe38-ts84_16,COMPLETE,65536,38,10,"84,16",True,True,64.10526759100321,3.9674983770019026,20.046077340630106,"[15652.0, 17830.0]","[15718.0, 17878.0]","[8365.0, 6205.0]",
ctx65536-ncmoe38-ts85_15,COMPLETE,65536,38,10,"85,15",True,True,65.0948726830029,4.13324231900333,20.092410737671333,"[15652.0, 17830.0]","[15718.0, 17878.0]","[8365.0, 6205.0]",
ctx65536-ncmoe38-ts87_13,COMPLETE,65536,38,10,"87,13",True,True,64.08340648299782,4.457631942997978,19.781876551199385,"[17910.0, 15572.0]","[17978.0, 15620.0]","[6105.0, 8463.0]",
ctx65536-ncmoe38-ts90_10,COMPLETE,65536,38,10,"90,10",True,True,67.08234151799843,3.782370223001635,21.233741021160938,"[22502.0, 10946.0]","[22570.0, 10992.0]","[1513.0, 13091.0]",
ctx65536-ncmoe38-ts92_8,FAILED,65536,38,10,"92,8",False,,,,,,,,RuntimeError('server exited during startup rc=1')
ctx65536-ncmoe39-ts70_30,FAILED,65536,39,9,"70,30",False,,,,,,,,RuntimeError('server exited during startup rc=1')
ctx65536-ncmoe39-ts75_25,FAILED,65536,39,9,"75,25",False,,,,,,,,RuntimeError('server exited during startup rc=1')
ctx65536-ncmoe39-ts80_20,COMPLETE,65536,39,9,"80,20",True,True,58.0719709699988,3.943415036999795,18.98627362736274,"[8972.0, 22348.0]","[9036.0, 22398.0]","[15047.0, 1685.0]",
ctx65536-ncmoe39-ts82_18,COMPLETE,65536,39,9,"82,18",True,True,58.065620194000076,3.8449837320004008,20.190689848569825,"[11230.0, 20090.0]","[11294.0, 20138.0]","[12789.0, 3945.0]",
ctx65536-ncmoe39-ts84_16,COMPLETE,65536,39,9,"84,16",True,True,59.08174769100151,3.8950166270005866,19.945703363067206,"[13488.0, 17830.0]","[13554.0, 17878.0]","[10529.0, 6205.0]",
ctx65536-ncmoe39-ts85_15,COMPLETE,65536,39,9,"85,15",True,True,60.0873640380014,3.9106241920017055,19.936159985468752,"[13488.0, 17830.0]","[13554.0, 17878.0]","[10529.0, 6205.0]",
ctx65536-ncmoe39-ts87_13,COMPLETE,65536,39,9,"87,13",True,True,70.09993839600065,3.947867454000516,20.887405281419106,"[15746.0, 15572.0]","[15812.0, 15620.0]","[8271.0, 8463.0]",
ctx65536-ncmoe39-ts90_10,COMPLETE,65536,39,9,"90,10",True,True,58.080430779999006,4.271718189993408,18.35929133135461,"[20340.0, 10946.0]","[20408.0, 10992.0]","[3675.0, 13091.0]",
ctx65536-ncmoe39-ts92_8,COMPLETE,65536,39,9,"92,8",True,True,73.10640224799863,3.957180748002429,19.009921066583306,"[22598.0, 8690.0]","[22666.0, 8734.0]","[1417.0, 15349.0]",
ctx65536-ncmoe40-ts70_30,COMPLETE,65536,40,8,"70,30",False,True,64.09073893900495,5.353901413996937,15.558283057029751,"[6180.0, 22980.0]","[6240.0, 23034.0]","[17843.0, 1049.0]",
ctx65536-ncmoe40-ts75_25,COMPLETE,65536,40,8,"75,25",True,True,83.12626068599639,6.459893507999368,16.32929536066575,"[6448.0, 22714.0]","[6510.0, 22766.0]","[17573.0, 1317.0]",
ctx65536-ncmoe40-ts80_20,COMPLETE,65536,40,8,"80,20",True,True,80.11646922399814,4.303187209996395,19.36380574803816,"[6808.0, 22348.0]","[6872.0, 22398.0]","[17211.0, 1685.0]",
ctx65536-ncmoe40-ts82_18,COMPLETE,65536,40,8,"82,18",True,True,59.07569127500028,4.083020338002825,17.888862460487147,"[9066.0, 20090.0]","[9130.0, 20138.0]","[14953.0, 3945.0]",
ctx65536-ncmoe40-ts84_16,COMPLETE,65536,40,8,"84,16",True,True,58.08887019400572,4.009473836005782,18.374496742950317,"[11326.0, 17830.0]","[11392.0, 17878.0]","[12691.0, 6205.0]",
ctx65536-ncmoe40-ts85_15,COMPLETE,65536,40,8,"85,15",True,True,60.086036750995845,4.001005907004583,19.028261902177817,"[11326.0, 17830.0]","[11392.0, 17878.0]","[12691.0, 6205.0]",
ctx65536-ncmoe40-ts87_13,COMPLETE,65536,40,8,"87,13",True,True,57.077786483001546,4.164011492997815,16.79133716258741,"[13584.0, 15572.0]","[13652.0, 15620.0]","[10431.0, 8463.0]",
ctx65536-ncmoe40-ts90_10,COMPLETE,65536,40,8,"90,10",True,True,59.08625964699604,3.9446518090044265,19.158542616758904,"[18178.0, 10946.0]","[18246.0, 10992.0]","[5837.0, 13091.0]",
ctx65536-ncmoe40-ts92_8,COMPLETE,65536,40,8,"92,8",True,True,58.080850750004174,3.9092765910027083,19.813212771156657,"[20436.0, 8690.0]","[20506.0, 8734.0]","[3577.0, 15349.0]",
ctx65536-ncmoe41-ts70_30,COMPLETE,65536,41,7,"70,30",True,True,67.09259807600029,4.927312246996735,18.644293514449327,"[6180.0, 20818.0]","[6240.0, 20870.0]","[17843.0, 3213.0]",
ctx65536-ncmoe41-ts75_25,COMPLETE,65536,41,7,"75,25",True,True,63.10004915299942,4.160535237999284,18.026583201360943,"[6448.0, 20550.0]","[6510.0, 20600.0]","[17573.0, 3483.0]",
ctx65536-ncmoe41-ts80_20,COMPLETE,65536,41,7,"80,20",True,True,68.09849112200027,5.971003200000268,16.81487630790156,"[6808.0, 20190.0]","[6872.0, 20238.0]","[17211.0, 3845.0]",
ctx65536-ncmoe41-ts82_18,COMPLETE,65536,41,7,"82,18",True,True,69.10153260600055,4.028921596000146,19.124115509657678,"[6904.0, 20090.0]","[6968.0, 20138.0]","[17115.0, 3945.0]",
ctx65536-ncmoe41-ts84_16,COMPLETE,65536,41,7,"84,16",True,True,58.076654740005324,4.097566743999778,18.288544462161,"[9164.0, 17830.0]","[9230.0, 17878.0]","[14853.0, 6205.0]",
ctx65536-ncmoe41-ts85_15,COMPLETE,65536,41,7,"85,15",True,True,57.0786818580018,4.185857759999635,17.212845117544607,"[9164.0, 17830.0]","[9230.0, 17878.0]","[14853.0, 6205.0]",
ctx65536-ncmoe41-ts87_13,COMPLETE,65536,41,7,"87,13",True,True,58.07629240699316,4.093610734002141,19.72748308733649,"[11422.0, 15572.0]","[11488.0, 15620.0]","[12595.0, 8463.0]",
ctx65536-ncmoe41-ts90_10,COMPLETE,65536,41,7,"90,10",True,True,64.0965598049952,5.961951901001157,17.431646961373406,"[16014.0, 10946.0]","[16082.0, 10992.0]","[8001.0, 13091.0]",
ctx65536-ncmoe41-ts92_8,COMPLETE,65536,41,7,"92,8",True,True,78.1239034609971,4.179043506002927,18.926582384959676,"[18272.0, 8690.0]","[18340.0, 8734.0]","[5743.0, 15349.0]",
