label,profile,policy,attempt,valid,source_sha,binary_sha256,work_sha256,actual_input_tokens,output_tokens,main_events,MTP_events,KV_commit_position_advances,PP,prefill_s,decode_s,replay_equivalent_tok_s,TTFT_s,wall_s,setup_attestation_s,replay_lookup_ms,local_entries,CPU_entries,mapped_entries,local_pct,copy_GB,oracle_copy_GB,native_copy_GB,native_pending_bytes,restoration_bytes,initial_donor_absent_entries,target_ready_demand_entries,late_useful_demand_entries,ready_publications,late_publications,victim_absent,resident_demand_entries_after_admission,unused_bytes,published,MTP_proposed,MTP_accepted,verify_windows,planner_ms,publication_ms,drain_ms,restore_ms,future_index_setup_ms,CPU_mean_decode_pct,GPU0_mean_decode_pct,GPU1_mean_decode_pct,initial_state_hash,first_natural_head_divergence,raw
v3-current-32k-attempt1,32k,REPLAY_CURRENT,1,True,117bc89b3bacbf263379c336557e6c8aa07aff5e,30a31432b5aff51bcd4340900c13cad0c8487a832bfdb22d05f9157b88d5bdb3,237ee8e7d981129238afaa1a754453d3ecee8087af0c9c1a3f2fc950f9b36fd9,28378,4096,61872,3563,4098,1594.2,17.801099999999998,38.969,105.10918935564166,18.395608101040125,57.390964823018294,0.515452,118.351,1972893,196292,31135,89.663912521815,87.4177536,0.0,87.4177536,0,0,0,0,0,0,0,0,0,0,0,3295,2809,1289,1.288,0.0,0.0,0.0,32.908,47.57435897435897,52.61538461538461,51.56410256410256,5630ee4b13a2d264388dd9a1e49e1fae8a7bf5d3bd476fd54809b40cf073150b,-1,raw/v3-current-32k-attempt1
v3-current-32k-attempt2,32k,REPLAY_CURRENT,2,True,117bc89b3bacbf263379c336557e6c8aa07aff5e,30a31432b5aff51bcd4340900c13cad0c8487a832bfdb22d05f9157b88d5bdb3,237ee8e7d981129238afaa1a754453d3ecee8087af0c9c1a3f2fc950f9b36fd9,28378,4096,61872,3563,4098,1588.8,17.8614,39.5155,103.65552757778592,18.58769516501343,58.12744787300471,0.570215,419.485,1972893,196292,31135,89.663912521815,87.4177536,0.0,87.4177536,0,0,0,0,0,0,0,0,0,0,0,3295,2809,1289,1.381,0.0,0.0,0.0,43.284,47.605000000000004,53.025,52.625,5630ee4b13a2d264388dd9a1e49e1fae8a7bf5d3bd476fd54809b40cf073150b,-1,raw/v3-current-32k-attempt2
v3-current-32k-attempt3,32k,REPLAY_CURRENT,3,True,117bc89b3bacbf263379c336557e6c8aa07aff5e,30a31432b5aff51bcd4340900c13cad0c8487a832bfdb22d05f9157b88d5bdb3,237ee8e7d981129238afaa1a754453d3ecee8087af0c9c1a3f2fc950f9b36fd9,28378,4096,61872,3563,4098,1576.9,17.996,38.3391,106.83610204725723,18.57425892300671,56.960455397027545,0.502765,95.432,1972893,196292,31135,89.663912521815,87.4177536,0.0,87.4177536,0,0,0,0,0,0,0,0,0,0,0,3295,2809,1289,1.187,0.0,0.0,0.0,29.822,46.98947368421052,54.26315789473684,54.026315789473685,5630ee4b13a2d264388dd9a1e49e1fae8a7bf5d3bd476fd54809b40cf073150b,-1,raw/v3-current-32k-attempt3
v3-oracle-32k-attempt1,32k,REPLAY_ORACLE_FULL,1,True,117bc89b3bacbf263379c336557e6c8aa07aff5e,30a31432b5aff51bcd4340900c13cad0c8487a832bfdb22d05f9157b88d5bdb3,237ee8e7d981129238afaa1a754453d3ecee8087af0c9c1a3f2fc950f9b36fd9,28378,4096,61872,3563,4098,1595.5,17.7867,33.3035,122.99007611812573,18.432777421025094,51.759262526989914,0.556581,426.455,2187107,11571,1642,99.3994964368819,207.1433216,207.126016,0.0,0,17305600,0,74134,85,65802,4,10036,1085256,6144000,65806,3295,2809,1289,4643.889,2047.736,0.001,1.432,43.13,15.142424242424244,57.81818181818182,63.60606060606061,5630ee4b13a2d264388dd9a1e49e1fae8a7bf5d3bd476fd54809b40cf073150b,15,raw/v3-oracle-32k-attempt1
v3-oracle-32k-attempt2,32k,REPLAY_ORACLE_FULL,2,True,117bc89b3bacbf263379c336557e6c8aa07aff5e,30a31432b5aff51bcd4340900c13cad0c8487a832bfdb22d05f9157b88d5bdb3,237ee8e7d981129238afaa1a754453d3ecee8087af0c9c1a3f2fc950f9b36fd9,28378,4096,61872,3563,4098,1592.0,17.8257,33.755300000000005,121.34390747527053,18.424479486013297,52.18695816001855,0.511127,106.148,2186880,11814,1626,99.3891797556719,206.1449216,206.127616,0.0,0,17305600,0,73718,901,65450,31,10849,1085029,21504000,65481,3295,2809,1289,5130.836,2244.713,0.001,1.392,29.917,16.25294117647059,58.0,63.3235294117647,5630ee4b13a2d264388dd9a1e49e1fae8a7bf5d3bd476fd54809b40cf073150b,15,raw/v3-oracle-32k-attempt2
v3-oracle-32k-attempt3,32k,REPLAY_ORACLE_FULL,3,True,117bc89b3bacbf263379c336557e6c8aa07aff5e,30a31432b5aff51bcd4340900c13cad0c8487a832bfdb22d05f9157b88d5bdb3,237ee8e7d981129238afaa1a754453d3ecee8087af0c9c1a3f2fc950f9b36fd9,28378,4096,61872,3563,4098,1586.6,17.886,33.0689,123.86260202183925,18.49136956705479,51.57790956104873,0.511949,115.42,2187036,11649,1635,99.39626963350786,207.0296576,207.012352,0.0,0,17305600,0,74083,1112,65729,40,9795,1081178,24576000,65769,3295,2809,1289,4644.574,2000.928,0.001,1.419,28.988,15.284848484848483,58.42424242424242,64.42424242424242,5630ee4b13a2d264388dd9a1e49e1fae8a7bf5d3bd476fd54809b40cf073150b,15,raw/v3-oracle-32k-attempt3
v3-current-128k-attempt1,128k,REPLAY_CURRENT,1,True,117bc89b3bacbf263379c336557e6c8aa07aff5e,30a31432b5aff51bcd4340900c13cad0c8487a832bfdb22d05f9157b88d5bdb3,ba5432b95f973e50ad5cdb644e9667303231e3b46c551572face35b6c788fe7f,126715,4096,73584,4039,4096,1798.7,70.44630000000001,48.6674,84.16311535031664,72.45082460303092,121.3127040489926,1.733887,201.476,2145481,231342,36617,88.89721725006629,99.3673216,0.0,99.3673216,0,0,0,0,0,0,0,0,0,0,0,3495,2563,1533,1.642,0.0,0.0,0.0,40.426,46.7204081632653,55.02040816326531,50.51020408163265,6ce174857a3353d1ec89d43266dd75ad5eecbccca9c3cd373b64d7a70e5a3566,-1,raw/v3-current-128k-attempt1
v3-current-128k-attempt2,128k,REPLAY_CURRENT,2,True,117bc89b3bacbf263379c336557e6c8aa07aff5e,30a31432b5aff51bcd4340900c13cad0c8487a832bfdb22d05f9157b88d5bdb3,ba5432b95f973e50ad5cdb644e9667303231e3b46c551572face35b6c788fe7f,126715,4096,73584,4039,4096,1753.5,72.2654,49.8099,82.23264852970996,74.34161337697878,124.59308149700519,1.794414,189.77,2145481,231342,36617,88.89721725006629,99.3673216,0.0,99.3673216,0,0,0,0,0,0,0,0,0,0,0,3495,2563,1533,1.821,0.0,0.0,0.0,33.304,46.50999999999999,53.04,50.5,6ce174857a3353d1ec89d43266dd75ad5eecbccca9c3cd373b64d7a70e5a3566,-1,raw/v3-current-128k-attempt2
v3-current-128k-attempt3,128k,REPLAY_CURRENT,3,True,117bc89b3bacbf263379c336557e6c8aa07aff5e,30a31432b5aff51bcd4340900c13cad0c8487a832bfdb22d05f9157b88d5bdb3,ba5432b95f973e50ad5cdb644e9667303231e3b46c551572face35b6c788fe7f,126715,4096,73584,4039,4096,1722.5,73.5649,49.8077,82.23628073570954,75.64651286200387,127.69860616896767,1.812253,405.644,2145481,231342,36617,88.89721725006629,99.3673216,0.0,99.3673216,0,0,0,0,0,0,0,0,0,0,0,3495,2563,1533,1.797,0.0,0.0,0.0,36.151,46.278,54.2,50.7,6ce174857a3353d1ec89d43266dd75ad5eecbccca9c3cd373b64d7a70e5a3566,-1,raw/v3-current-128k-attempt3
v3-oracle-128k-attempt1,128k,REPLAY_ORACLE_FULL,1,True,117bc89b3bacbf263379c336557e6c8aa07aff5e,30a31432b5aff51bcd4340900c13cad0c8487a832bfdb22d05f9157b88d5bdb3,ba5432b95f973e50ad5cdb644e9667303231e3b46c551572face35b6c788fe7f,126715,4096,73584,4039,4096,1807.1,70.1208,43.1076,95.01804786162997,72.21804172999691,115.3594990989659,1.824539,469.593,2383801,25920,3719,98.77191892071069,196.0016896,195.984384,0.0,0,17305600,0,70534,12574,61614,391,23252,1230592,261120000,62005,3495,2563,1533,6869.686,2982.718,0.001,1.432,62.212,20.14883720930232,56.72093023255814,58.7906976744186,6ce174857a3353d1ec89d43266dd75ad5eecbccca9c3cd373b64d7a70e5a3566,188,raw/v3-oracle-128k-attempt1
v3-oracle-128k-attempt2,128k,REPLAY_ORACLE_FULL,2,True,117bc89b3bacbf263379c336557e6c8aa07aff5e,30a31432b5aff51bcd4340900c13cad0c8487a832bfdb22d05f9157b88d5bdb3,ba5432b95f973e50ad5cdb644e9667303231e3b46c551572face35b6c788fe7f,126715,4096,73584,4039,4096,1812.6,69.9065,40.5967,100.89490032441061,72.67648162599653,113.31261598499259,2.483228,422.073,2390469,20009,2962,99.04820505171043,201.7222656,201.70496,0.0,0,17305600,0,72850,4875,63726,141,17575,1244859,107520000,63867,3495,2563,1533,5466.021,2393.708,0.001,1.433,47.825,17.22439024390244,57.8780487804878,60.80487804878049,6ce174857a3353d1ec89d43266dd75ad5eecbccca9c3cd373b64d7a70e5a3566,31,raw/v3-oracle-128k-attempt2
v3-oracle-128k-attempt3,128k,REPLAY_ORACLE_FULL,3,True,117bc89b3bacbf263379c336557e6c8aa07aff5e,30a31432b5aff51bcd4340900c13cad0c8487a832bfdb22d05f9157b88d5bdb3,ba5432b95f973e50ad5cdb644e9667303231e3b46c551572face35b6c788fe7f,126715,4096,73584,4039,4096,1770.8,71.55930000000001,40.2843,101.67732838847888,73.69413920101942,114.07690389896743,1.8587449999999999,339.446,2393861,17064,2515,99.18875132590824,204.7381504,204.7208448,0.0,0,17305600,0,73885,1990,64736,114,15338,1256001,73728000,64850,3495,2563,1533,5410.607,2435.515,0.002,1.42,45.932,16.672500000000003,56.875,60.375,6ce174857a3353d1ec89d43266dd75ad5eecbccca9c3cd373b64d7a70e5a3566,24,raw/v3-oracle-128k-attempt3
v3-current-256k-attempt1,256k,REPLAY_CURRENT,1,True,117bc89b3bacbf263379c336557e6c8aa07aff5e,30a31432b5aff51bcd4340900c13cad0c8487a832bfdb22d05f9157b88d5bdb3,4046f4345f2cf4344bc6c6d2fc066c8cb646e55821de72607161c1cacab666ab,257781,4096,78144,4199,4097,1869.8,137.8651,52.0335,78.71851787790558,142.2367895479547,194.6283144299523,3.8072600000000003,516.734,2244304,213972,32924,90.0892742453436,96.4809728,0.0,96.4809728,0,0,0,0,0,0,0,0,0,0,0,3562,2469,1628,1.815,0.0,0.0,0.0,41.108,44.60576923076922,53.0,51.96153846153846,772a4e6e604f0f67c12fe3698a1eba808f0053db3397f8876b8f21261889efa2,-1,raw/v3-current-256k-attempt1
v3-current-256k-attempt2,256k,REPLAY_CURRENT,2,True,117bc89b3bacbf263379c336557e6c8aa07aff5e,30a31432b5aff51bcd4340900c13cad0c8487a832bfdb22d05f9157b88d5bdb3,4046f4345f2cf4344bc6c6d2fc066c8cb646e55821de72607161c1cacab666ab,257781,4096,78144,4199,4097,1907.6,135.1322,49.5227,82.7095453196211,139.29034787102137,188.89427618100308,3.619739,179.532,2244304,213972,32924,90.0892742453436,96.4809728,0.0,96.4809728,0,0,0,0,0,0,0,0,0,0,0,3562,2469,1628,1.584,0.0,0.0,0.0,41.46,43.36326530612245,53.42857142857143,51.40816326530612,772a4e6e604f0f67c12fe3698a1eba808f0053db3397f8876b8f21261889efa2,-1,raw/v3-current-256k-attempt2
v3-current-256k-attempt3,256k,REPLAY_CURRENT,3,True,117bc89b3bacbf263379c336557e6c8aa07aff5e,30a31432b5aff51bcd4340900c13cad0c8487a832bfdb22d05f9157b88d5bdb3,4046f4345f2cf4344bc6c6d2fc066c8cb646e55821de72607161c1cacab666ab,257781,4096,78144,4199,4097,1839.2,140.15720000000002,52.9466,77.3609636879422,144.98172553896438,198.23173010494793,4.295101,407.711,2244304,213972,32924,90.0892742453436,96.4809728,0.0,96.4809728,0,0,0,0,0,0,0,0,0,0,0,3562,2469,1628,1.948,0.0,0.0,0.0,39.561,44.25094339622642,52.54716981132076,49.62264150943396,772a4e6e604f0f67c12fe3698a1eba808f0053db3397f8876b8f21261889efa2,-1,raw/v3-current-256k-attempt3
v3-oracle-256k-attempt1,256k,REPLAY_ORACLE_FULL,1,True,117bc89b3bacbf263379c336557e6c8aa07aff5e,30a31432b5aff51bcd4340900c13cad0c8487a832bfdb22d05f9157b88d5bdb3,4046f4345f2cf4344bc6c6d2fc066c8cb646e55821de72607161c1cacab666ab,257781,4096,78144,4199,4097,1859.5,138.62570000000002,46.5734,87.9471973272297,153.29911326401634,199.89874087797944,14.083846,571.33,2457825,29269,4106,98.66028420038536,195.7126144,195.6953088,0.0,0,17305600,0,69988,16887,61179,608,22072,1157992,466944000,61787,3562,2469,1628,6385.088,2757.743,0.001,1.458,42.666,21.893478260869564,55.06521739130435,59.0,772a4e6e604f0f67c12fe3698a1eba808f0053db3397f8876b8f21261889efa2,41,raw/v3-oracle-256k-attempt1
v3-oracle-256k-attempt2,256k,REPLAY_ORACLE_FULL,2,True,117bc89b3bacbf263379c336557e6c8aa07aff5e,30a31432b5aff51bcd4340900c13cad0c8487a832bfdb22d05f9157b88d5bdb3,4046f4345f2cf4344bc6c6d2fc066c8cb646e55821de72607161c1cacab666ab,257781,4096,78144,4199,4097,1871.8,137.716,43.246,94.71396198492346,141.79260215704562,185.1198634460452,3.541319,157.665,2471353,17346,2501,99.20331567116249,208.9506816,208.933376,0.0,0,17305600,0,75163,2160,65992,103,15647,1218393,89088000,66095,3562,2469,1628,5305.882,2328.876,0.001,1.447,39.668,16.06279069767442,56.27906976744186,60.7906976744186,772a4e6e604f0f67c12fe3698a1eba808f0053db3397f8876b8f21261889efa2,1,raw/v3-oracle-256k-attempt2
v3-oracle-256k-attempt3,256k,REPLAY_ORACLE_FULL,3,True,117bc89b3bacbf263379c336557e6c8aa07aff5e,30a31432b5aff51bcd4340900c13cad0c8487a832bfdb22d05f9157b88d5bdb3,4046f4345f2cf4344bc6c6d2fc066c8cb646e55821de72607161c1cacab666ab,257781,4096,78144,4199,4097,1920.3,134.2404,43.372099999999996,94.43859070692912,138.3045876249671,181.71424743696116,3.5291129999999997,160.193,2471770,17021,2409,99.22005459216442,208.9716736,208.954368,0.0,0,17305600,0,75208,802,66035,67,15838,1220783,55296000,66102,3562,2469,1628,5627.022,2463.112,0.001,1.38,40.476,16.17906976744186,56.906976744186046,60.395348837209305,772a4e6e604f0f67c12fe3698a1eba808f0053db3397f8876b8f21261889efa2,39,raw/v3-oracle-256k-attempt3
