scenario_id,family,rate_metric,repetitions,mean,median,stddev,cv_percent,min,max,aggregate_payload_GB_s,durations_seconds,MemAvailable_min_GiB,rss_peak_GiB
idle-telemetry,A,bandwidth_GB_s,3,0.0,0.0,0.0,,0.0,0.0,0.0,"[20.14268931999686, 20.137522128992714, 20.203908622992458]",156.6230239868164,0.0
ram-read-t1,B,bandwidth_GB_s,3,10.713074556196666,9.15403975002,3.366537268704612,31.424566785613717,8.40866085817,14.5765230604,10.712058178181552,"[20.048075337, 20.05779491, 20.036175631]",154.18366241455078,3.1840286254882812
ram-read-t4,B,bandwidth_GB_s,3,49.93865677513333,50.7076492562,1.833647792356494,3.6718003862481705,47.8457249492,51.26259612,49.93823622890213,"[20.018041487, 20.0033459, 20.010511995]",154.0949592590332,3.1842994689941406
ram-read-t16,B,bandwidth_GB_s,3,55.05353400156667,54.9708141933,0.21235353877760865,0.38572190256045263,54.8949886771,55.2947991343,55.053509937696894,"[20.009802578, 20.001734446, 20.00105066]",154.31936645507812,3.1855239868164062
ram-copy-t1,B,bandwidth_GB_s,3,12.632465369633334,12.5922994659,0.09663814735465884,0.764998316060801,12.5623875947,12.7427090483,12.632539241911932,"[20.038383722, 20.054648752, 20.000623681]",154.4023208618164,3.1839599609375
ram-copy-t4,B,bandwidth_GB_s,3,19.144914301466667,19.134220204,0.08079627002380034,0.4220247150315562,19.069997632,19.2305250684,19.144916546295352,"[20.044684678, 20.044866869, 20.03352251]",154.40667724609375,3.184307098388672
ram-copy-t16,B,bandwidth_GB_s,3,17.899183797466666,17.9023535664,0.011860297641804114,0.06626166743694058,17.8860606686,17.9091371574,17.89917855693132,"[20.032548675, 20.050796867, 20.024960782]",154.31879043579102,3.185535430908203
ram-triad-t1,B,bandwidth_GB_s,3,9.390339728376667,9.36136723834,0.05888928768735395,0.6271262743497599,9.35154939017,9.45810255662,9.390350628721407,"[20.072369176, 20.093442419, 20.094125826]",154.4218635559082,3.1839447021484375
ram-triad-t4,B,bandwidth_GB_s,3,14.181910386433334,14.1635927735,0.033090182461402155,0.23332669266516312,14.1620294104,14.2201089754,14.181907088313613,"[20.016046664, 20.013837313, 20.00980329]",154.41903686523438,3.1843528747558594
ram-triad-t16,B,bandwidth_GB_s,3,13.300104275866667,13.3069330576,0.029745284388776605,0.2236470013453209,13.2675384228,13.3258413472,13.300094432927041,"[20.070638868, 20.063402168, 20.011220557]",154.30765914916992,3.185535430908203
ram-gather-segments,B,bandwidth_GB_s,3,5.256464434913333,5.25505601223,0.0034966661216788418,0.06652125520823568,5.25389161511,5.2604456774,5.256462884752043,"[20.023896702, 20.003380931, 20.028334511]",154.42894744873047,3.1848068237304688
gpu0-local-copy,C,bandwidth_GB_s,3,446.64913839766666,446.650823481,0.01126892872482241,0.00252299349893502,446.637121818,446.659469894,446.64913834491193,"[20.000165993, 20.000565713, 20.001154159]",156.56237411499023,0.746063232421875
gpu0-gemm-large,C,work_rate,3,60274807758266.664,60288133500600.0,51701850430.47736,0.08577688150881987,60217747468700.0,60318542305500.0,0.0,"[20.002101703, 20.000375303, 20.001132114]",156.94124221801758,0.583282470703125
gpu0-gemm-small,C,work_rate,3,5459544169410.0,5464297192960.0,10273118739.718287,0.18816806716719864,5447755243280.0,5466580071990.0,0.0,"[20.000104813, 20.000128354, 20.000002251]",157.13965606689453,0.4817924499511719
gpu1-local-copy,C,bandwidth_GB_s,3,446.71784267566665,446.715922224,0.01937152062832001,0.00433641076709453,446.699502909,446.738102894,446.71784270524233,"[20.000042169, 20.000250919, 20.000176379]",156.60461044311523,0.7351531982421875
gpu1-gemm-large,C,work_rate,3,61117926244433.336,61121519699400.0,39596708072.04871,0.06478738809573928,61076655289900.0,61155603744000.0,0.0,"[20.001547054, 20.001457705, 20.000398068]",156.9505500793457,0.5832901000976562
gpu1-gemm-small,C,work_rate,3,5496999210446.667,5491030029320.0,37145832482.37946,0.6757474589369846,5463199435740.0,5536768166280.0,0.0,"[20.000192751, 20.00011645, 20.000127281]",157.14796447753906,0.481781005859375
both-gpu-gemm,C,work_rate,3,121442537885257.05,121426378379435.42,129682271364.4146,0.10678488248239898,121321692682147.19,121579542594188.55,0.0,"[20.002089092, 20.001286205, 20.001552145]",156.6456298828125,1.1296157836914062
gpu0-gemm-low-telemetry,A,work_rate,3,60263057257233.336,60261591469500.0,24566505513.943665,0.040765448405780905,60239256464200.0,60288323838000.0,0.0,"[20.001788744, 20.002038554, 20.000078634]",157.08320236206055,0.5831108093261719
gpu0-h2d-pageable-4096,D,bandwidth_GB_s,3,0.634157101611,0.630915726184,0.031030901214100785,4.893251393900739,0.604874117307,0.666681461342,0.6341574854167817,"[20.000709168, 20.000000671, 20.000005231]",157.1643409729004,0.4760780334472656
gpu0-h2d-pageable-3145728,D,bandwidth_GB_s,3,10.8019441274,10.8032325688,0.01586105348095665,0.14683517424167944,10.7854781509,10.8171216625,10.801944114432118,"[20.00017234, 20.000261221, 20.00022652]",157.13883209228516,0.4303932189941406
gpu0-h2d-pageable-67108864,D,bandwidth_GB_s,3,13.005128548766667,12.9954116507,0.018538833972787775,0.1425501785950889,12.9934680758,13.0265059198,13.005129312764353,"[20.004114727, 20.00033837, 20.003330039]",157.1535873413086,0.4300804138183594
gpu0-h2d-pinned-4096,D,bandwidth_GB_s,3,0.630282302833,0.651864761595,0.06251452937723112,9.918496695249114,0.559836111474,0.67914603543,0.6302822947718044,"[20.000003731, 20.00000905, 20.000001501]",157.08815383911133,0.430419921875
gpu0-h2d-pinned-3145728,D,bandwidth_GB_s,3,12.6342853073,12.6345810597,0.0006381999509098749,0.005051334012072115,12.6335528825,12.6347219797,12.634285307883738,"[60.000122222, 60.000025353, 60.000199942]",157.13109588623047,0.4304542541503906
gpu0-h2d-pinned-67108864,D,bandwidth_GB_s,3,13.3570852277,13.3567699035,0.0005980908290062415,0.0044777046699224264,13.3567107802,13.3577749994,13.357085209816269,"[20.000365899, 20.001959463, 20.001870925]",157.14085006713867,0.4300651550292969
gpu0-d2h-pageable-4096,D,bandwidth_GB_s,3,0.8651240717373333,0.862832275491,0.00650881347314571,0.7523560707396312,0.860071146964,0.872468792757,0.8651240715244399,"[20.000004061, 20.00000222, 20.000003702]",157.14019775390625,0.4304389953613281
gpu0-d2h-pageable-3145728,D,bandwidth_GB_s,3,10.632596913266667,10.6418379421,0.044406125699207745,0.4176413914817052,10.5842973817,10.671655416,10.632596795607435,"[20.000130322, 20.000252487, 20.000004878]",157.17084121704102,0.43044281005859375
gpu0-d2h-pageable-67108864,D,bandwidth_GB_s,3,12.8791387723,12.8782332605,0.006014257061768378,0.04669766486796176,12.8736286158,12.8855544406,12.879138970963913,"[20.004195226, 20.005145402, 20.001875062]",157.1087417602539,0.4300727844238281
gpu0-d2h-pinned-4096,D,bandwidth_GB_s,3,0.9197421699283334,0.919569722975,0.009480366471539011,1.030763488019444,0.910349203304,0.929307583506,0.919742169770403,"[20.000001388, 20.000002058, 20.000002388]",157.12731170654297,0.4906883239746094
gpu0-d2h-pinned-3145728,D,bandwidth_GB_s,3,12.503135166033333,12.5030064032,0.0008863247982715261,0.007088820415853474,12.5023202655,12.5040788294,12.503135166661673,"[60.000019702, 60.000156833, 60.000041603]",157.11096954345703,0.4304161071777344
gpu0-d2h-pinned-67108864,D,bandwidth_GB_s,3,13.1801955636,13.1800075861,0.0006758117235005747,0.005127478725482472,13.1796336409,13.1809454638,13.180195588161277,"[20.003931234, 20.000830446, 20.005354696]",157.08131408691406,0.4574470520019531
gpu0-stage-expert,D,bandwidth_GB_s,3,6.806535386546667,6.83363898937,0.08925964201739423,1.3113814436904088,6.70686547015,6.87910170012,6.806535758446951,"[20.001331913, 20.000421057, 20.000388355]",157.021484375,0.4930000305175781
gpu0-pinned-double-bulk,D,bandwidth_GB_s,3,13.372310622933334,13.3723931175,0.000423033722365126,0.0031635050537909943,13.3718524182,13.3726863331,13.372310614012328,"[20.003156078, 20.003594686, 20.004403544]",157.08852005004883,0.5186576843261719
gpu0-registration,D,bandwidth_GB_s,3,17.7620561941,17.7561570474,0.03277709213889795,0.18453433420498622,17.7326292664,17.7973822685,17.762057755039542,"[20.003645376, 20.000955575, 20.001001595]",156.8147964477539,0.43003082275390625
gpu0-mapped-coalesced,D,bandwidth_GB_s,3,13.4488009209,13.448864445,0.0005870752277819007,0.004365260748782155,13.4481846669,13.4493536508,13.44880131330327,"[20.039550471, 20.000641988, 20.038821554]",155.67641067504883,0.9682655334472656
gpu0-mapped-scatter,D,bandwidth_GB_s,3,1.0574855090533333,1.05711162334,0.001594279330955403,0.1507613406809338,1.0561113998,1.05923350402,1.0574839074841322,"[20.333874328, 20.314634714, 20.273939975]",155.73129653930664,0.8676071166992188
gpu1-h2d-pageable-4096,D,bandwidth_GB_s,3,0.653451210499,0.654120609984,0.00290304988264969,0.4442642137632297,0.650271932252,0.655961089261,0.6534512444764329,"[20.000811717, 20.000000509, 20.00000444]",156.7375831604004,0.430419921875
gpu1-h2d-pageable-3145728,D,bandwidth_GB_s,3,10.7910309417,10.7941745021,0.029905943028228736,0.27713703342896173,10.7596773894,10.8192409336,10.791030841073805,"[20.000141849, 20.0000345, 20.000237829]",157.15165328979492,0.43042755126953125
gpu1-h2d-pageable-67108864,D,bandwidth_GB_s,3,12.997546143800001,12.991626478,0.01296760575172728,0.09976964581051322,12.9885947649,13.0124171885,12.99754647441801,"[20.001000017, 20.005144293, 20.00566852]",157.1047592163086,0.4300193786621094
gpu1-h2d-pinned-4096,D,bandwidth_GB_s,3,0.6252000808129999,0.617258102076,0.01915727484925515,3.064183041106352,0.611291055921,0.647051084442,0.6252000818550517,"[20.00000281, 20.00000262, 20.00000555]",157.1407699584961,0.48722076416015625
gpu1-h2d-pinned-3145728,D,bandwidth_GB_s,3,12.633062609666666,12.6334594169,0.0010506295997781234,0.008316507502893197,12.6318713664,12.6338570457,12.633062610178985,"[60.00004338, 60.000074789, 60.000220249]",156.92198181152344,0.430450439453125
gpu1-h2d-pinned-67108864,D,bandwidth_GB_s,3,13.3594076921,13.360113786,0.0016435070100313327,0.012302244589804757,13.3575291325,13.3605801578,13.359407714571619,"[20.000734038, 20.001189566, 20.001887763]",157.14683532714844,0.492401123046875
gpu1-d2h-pageable-4096,D,bandwidth_GB_s,3,0.8534452404356667,0.8495291857,0.010296274514900025,1.2064364562680066,0.845681557287,0.86512497832,0.8534451531528203,"[20.000004459, 20.000001316, 20.000680604]",157.18106079101562,0.43045806884765625
gpu1-d2h-pageable-3145728,D,bandwidth_GB_s,3,10.553868658633334,10.5484903271,0.04470535974768258,0.4235921555752208,10.5120957692,10.6010198796,10.553868582443725,"[20.000150496, 20.000157495, 20.000267834]",157.13304138183594,0.43044281005859375
gpu1-d2h-pageable-67108864,D,bandwidth_GB_s,3,12.8811565873,12.8746465354,0.014214365217913038,0.11035006927815394,12.8713631422,12.8974600843,12.881156889633056,"[20.000181757, 20.000293636, 20.001339142]",157.10011672973633,0.4300498962402344
gpu1-d2h-pinned-4096,D,bandwidth_GB_s,3,0.9182002115796667,0.91217948071,0.013674636634094567,1.4892870271254672,0.908569026994,0.933852127035,0.9182002109025117,"[20.000003597, 20.000000706, 20.000002826]",157.12887954711914,0.4304237365722656
gpu1-d2h-pinned-3145728,D,bandwidth_GB_s,3,12.5046257003,12.5039277733,0.001973513071485678,0.015782264249927378,12.5030959868,12.5068533408,12.504625701207198,"[60.000092999, 60.000126939, 60.000177019]",157.10712432861328,0.43039703369140625
gpu1-d2h-pinned-67108864,D,bandwidth_GB_s,3,13.179826421533333,13.1797255742,0.00028209036031125184,0.002140319237060435,13.1796086152,13.1801450752,13.179826417509508,"[20.000054346, 20.000690933, 20.000868424]",157.1578712463379,0.49251556396484375
gpu1-stage-expert,D,bandwidth_GB_s,3,6.784544715896667,6.84074125031,0.1004867149189865,1.4811121324550938,6.66853147832,6.84436141906,6.784545661838859,"[20.000331845, 20.000291845, 20.001259272]",157.04691696166992,0.4929313659667969
gpu1-pinned-double-bulk,D,bandwidth_GB_s,3,13.373483100966666,13.3732122788,0.0006348117455224015,0.004746794389537276,13.3730286159,13.3742084082,13.373483080890566,"[20.000879584, 20.002369388, 20.002644097]",157.04862213134766,0.4925651550292969
gpu1-mapped-coalesced,D,bandwidth_GB_s,3,13.4475208506,13.4479502525,0.0009960676589086089,0.007407072797839659,13.4463821035,13.4482301958,13.447520801406474,"[20.000990624, 20.000574276, 20.003323187]",155.8095474243164,0.8675689697265625
gpu1-mapped-scatter,D,bandwidth_GB_s,3,1.0610101068,1.06134128274,0.0006075442266794479,0.057260927373425086,1.0603089333,1.06138010436,1.061009874804159,"[20.232936713, 20.233676791, 20.253376922]",155.80509567260742,0.8675880432128906
both-h2d,D,bandwidth_GB_s,3,26.730628597166668,26.7279575581,0.012194400298897873,0.04561957925744562,26.7199911237,26.7439371097,26.730628895653226,"[20.002064762, 20.004229804, 20.006146268]",156.36436080932617,0.755523681640625
both-d2h,D,bandwidth_GB_s,3,26.386834877166667,26.3866971341,0.00028218597541423355,0.0010694195674768772,26.3866480163,26.3871594811,26.386834875231578,"[20.0000347469, 20.000385187, 20.000422417]",156.8667755126953,0.7556610107421875
both-mixed,D,bandwidth_GB_s,3,26.3824399278,26.3890664316,0.01189032306115495,0.045069080394742965,26.3687128933,26.3895404585,26.382441009511933,"[20.003845966, 20.008761709, 20.008402298]",156.83984756469727,0.7555656433105469
gpu0-bidirectional,D,bandwidth_GB_s,3,22.636547716433334,22.636630666,0.0002567387023177242,0.001134177815159248,22.6362597578,22.6367527255,22.636547714451407,"[20.005540629, 20.005212832, 20.005104962]",157.01514053344727,0.5196952819824219
bridge-0-1-4096-serial,E,bandwidth_GB_s,3,0.34538929881,0.344128197337,0.004101587769506951,1.1875260130057619,0.342066339772,0.349973359321,0.34538926402693193,"[20.000008268, 20.000637036, 20.000006385]",156.8669090270996,0.6310577392578125
bridge-0-1-3145728-serial,E,bandwidth_GB_s,3,6.162224187636666,6.16214195252,0.0005700932672904061,0.00925142042761427,6.16169967778,6.16283093261,6.162224187207511,"[20.000396177, 20.000079929, 20.000494437]",156.9073371887207,0.6310348510742188
bridge-0-1-67108864-serial,E,bandwidth_GB_s,3,6.627396852313334,6.627310568,0.00044461136566400556,0.006708687823769165,6.62700170743,6.62787828151,6.627396832429011,"[20.009189837, 20.010122393, 20.007475942]",156.86792755126953,0.6306190490722656
bridge-0-1-bulk-double,E,bandwidth_GB_s,3,8.811932451366667,8.81291697165,0.00285230070632403,0.03236861746349019,8.808718306,8.81416207645,8.811932651488139,"[20.006074748, 20.011773078, 20.008946178]",156.6585807800293,0.7556533813476562
bridge-1-0-4096-serial,E,bandwidth_GB_s,3,0.33995726977566665,0.333373485047,0.011743187276201435,3.4543127387599655,0.332983063495,0.353515260785,0.33995727184478686,"[20.000014665, 20.000001664, 20.000009584]",156.79896926879883,0.6309661865234375
bridge-1-0-3145728-serial,E,bandwidth_GB_s,3,6.160068874813334,6.15970184049,0.00120579941563938,0.01957444697687603,6.15908924255,6.1614155414,6.160068876884081,"[20.000395663, 20.000342363, 20.000288663]",156.91773986816406,0.6310157775878906
bridge-1-0-67108864-serial,E,bandwidth_GB_s,3,6.62670484501,6.62697633564,0.000954294558811333,0.014400740354837592,6.62564422255,6.62749397684,6.626704886546794,"[20.0040934811, 20.000072384, 20.008636104]",156.84130477905273,0.630615234375
bridge-1-0-bulk-double,E,bandwidth_GB_s,3,8.811249574489999,8.81087771477,0.001897764803344595,0.021537975826254347,8.80956526332,8.81330574538,8.811249823825479,"[20.001171571, 20.010890316, 20.004151351]",156.67572021484375,0.7556533813476562
bridge-roundtrip-activation,E,bandwidth_GB_s,3,1.48772092643,1.48541309847,0.004439324152002052,0.29839764119301915,1.48491087188,1.49283880894,1.487720927377483,"[20.000032934, 20.000039584, 20.000007264]",156.7465705871582,0.631011962890625
bridge-bidirectional,E,bandwidth_GB_s,3,16.240611046787365,16.240891415024443,0.0020005903884958006,0.012318442838956773,16.238485061283672,16.242456664053975,16.240611467868643,"[20.002290887, 20.013926707, 20.01585559]",155.7647247314453,1.4744949340820312
virtiofs-read-1048576-direct0-qd1,F,bandwidth_GB_s,3,7.775588692333334,7.780778884,0.03736287641948224,0.4805150824955765,7.735902075,7.810085118,7.775588692565371,"[20.001, 20.001, 20.001]",157.03522872924805,0.0073394775390625
virtiofs-read-1048576-direct1-qd8,F,bandwidth_GB_s,3,2.754667345,2.789055945,0.10632048455060132,3.8596487791378427,2.635408783,2.839537307,2.7546633709153325,"[20.003, 20.003, 20.005]",157.50517654418945,0.01416015625
virtiofs-randread-4096-direct1-qd1,F,bandwidth_GB_s,3,0.11230636266666666,0.094841209,0.03101895847708649,27.619947561789516,0.093957542,0.148120337,0.11230636334849924,"[20.001, 20.001, 20.001]",157.48970794677734,0.006885528564453125
virtiofs-randread-4096-direct1-qd16,F,bandwidth_GB_s,3,0.19899728133333333,0.197113011,0.026704622714635994,13.419591732966452,0.173284698,0.226594135,0.19899728213589318,"[20.001, 20.001, 20.001]",157.53742218017578,0.006877899169921875
virtiofs-randread-262144-direct1-qd8,F,bandwidth_GB_s,3,2.2192941066666667,2.21959334,0.007118344632617129,0.320748142899759,2.212030864,2.226258116,2.2192942230517962,"[20.001, 20.002, 20.001]",157.4957733154297,0.00836181640625
virtiofs-randread-3145728-direct1-qd1,F,bandwidth_GB_s,3,3.442400568,3.605138603,0.2932276775883988,8.518116116822544,3.103894,3.618169101,3.4423978567119407,"[20.001, 20.002, 20.002]",157.44589233398438,0.009227752685546875
virtiofs-randread-3145728-direct1-qd8,F,bandwidth_GB_s,3,3.3892026406666664,3.334701214,0.1832091504205157,5.405671181245094,3.239428529,3.593478179,3.3892026412114546,"[20.009, 20.009, 20.009]",157.37100982666016,0.029720306396484375
virtiofs-randread-3145728-direct0-qd1,F,bandwidth_GB_s,3,11.170445893,11.118806107,0.09605487512603803,0.8599018879472946,11.111256737,11.281274835,11.170445893705315,"[20.001, 20.001, 20.001]",157.42578125,0.00933074951171875
virtiofs-write-durable,F,bandwidth_GB_s,3,0.13405120566666665,0.134048975,3.863628001418468e-06,0.0028822030970954583,0.134048975,0.134055667,0.13405120649605642,"[20.033, 20.033, 20.032]",157.4905776977539,0.014102935791015625
virtiofs-pipeline-gpu0-b1,G,bandwidth_GB_s,3,3.0021217256033332,2.99785907818,0.022404424905703213,0.7462863585653116,2.98215484502,3.02635125361,3.0021226252281927,"[20.000131466, 20.00309434, 20.001023323]",157.22098922729492,0.37079620361328125
virtiofs-pipeline-gpu0-b3,G,bandwidth_GB_s,3,3.47225119961,3.48447419634,0.12564023795794882,3.6184086558040676,3.34094617842,3.59133322407,3.472252729938501,"[20.001728952, 20.002556189, 20.001182363]",157.15786361694336,0.3793525695800781
virtiofs-pipeline-bulk,G,bandwidth_GB_s,3,3.8709969236266666,3.88340474512,0.02258280690833913,0.5833847805588465,3.8449305447,3.88465548106,3.871011236375778,"[20.002118959, 20.056705539, 20.011322438]",156.7863006591797,0.5550956726074219
virtiofs-pipeline-shared-both,G,bandwidth_GB_s,3,3.401754014306667,3.49086309867,0.16527845055552848,4.85862439966033,3.21104323883,3.50335570542,3.4017631409462323,"[20.000721906, 20.003325301, 20.003828979]",156.94981002807617,0.5143661499023438
ext4-read-1048576-direct0-qd1,F,bandwidth_GB_s,3,13.431324849,13.417012502,0.07244643510812021,0.5393841331558149,13.36710278,13.509859265,13.431324849757512,"[20.001, 20.001, 20.001]",157.52164840698242,0.007472991943359375
ext4-read-1048576-direct1-qd8,F,bandwidth_GB_s,3,6.746360254,6.745728838,0.0013001175503361843,0.01927139229728102,6.745496432,6.747855492,6.746360265177902,"[20.002, 20.001, 20.002]",157.46632766723633,0.0142669677734375
ext4-randread-4096-direct1-qd1,F,bandwidth_GB_s,3,0.05760435566666667,0.057471788,0.00030447019838455985,0.5285541255706546,0.057388644,0.057952635,0.05760435604886422,"[20.001, 20.001, 20.001]",157.47434997558594,0.007007598876953125
ext4-randread-4096-direct1-qd16,F,bandwidth_GB_s,3,0.625571486,0.625047429,0.001776422891055796,0.28396800858276267,0.624116045,0.627550984,0.6255714862256887,"[20.001, 20.001, 20.001]",157.50613021850586,0.006927490234375
ext4-randread-262144-direct1-qd8,F,bandwidth_GB_s,3,6.751006406666667,6.754169453,0.006467390457468715,0.09579890860542097,6.743566258,6.755283509,6.751006407012983,"[20.001, 20.001, 20.001]",157.47380828857422,0.008426666259765625
ext4-randread-3145728-direct1-qd1,F,bandwidth_GB_s,3,4.683964508333333,4.678879169,0.03667536262290677,0.7829983032035558,4.650097197,4.722917159,4.683964508974551,"[20.001, 20.001, 20.001]",157.49239349365234,0.009410858154296875
ext4-randread-3145728-direct1-qd8,F,bandwidth_GB_s,3,7.098948111,7.099157795,0.000960891820040326,0.013535692964868975,7.097899692,7.099786846,7.098948111383292,"[20.003, 20.003, 20.003]",157.4846076965332,0.029903411865234375
ext4-randread-3145728-direct0-qd1,F,bandwidth_GB_s,3,13.634214160666666,13.643755725,0.0233712587545416,0.1714162509047667,13.607581662,13.651305095,13.634214161291935,"[20.001, 20.001, 20.001]",157.48145294189453,0.009429931640625
ext4-write-durable,F,bandwidth_GB_s,3,0.134263443,0.134263443,0.0,0.0,0.134263443,0.134263443,0.1342634436278186,"[20.001, 20.001, 20.001]",157.4957160949707,0.0142974853515625
ext4-pipeline-gpu0-b1,G,bandwidth_GB_s,3,3.4165570381833335,3.41597747699,0.00383142730107799,0.11214293390270028,3.41304840901,3.42064522855,3.4165570160156236,"[20.000113421, 20.000389511, 20.0007368]",157.19614028930664,0.37087249755859375
ext4-pipeline-gpu0-b3,G,bandwidth_GB_s,3,4.179153826456667,4.17817808119,0.0024381903027240735,0.05834172188850284,4.17735462392,4.18192877426,4.179153953400362,"[20.003018581, 20.00064686, 20.000071211]",157.22550201416016,0.3792724609375
ext4-pipeline-gpu1-b1,G,bandwidth_GB_s,3,3.4191040159633332,3.42018097693,0.0026613024480456756,0.07783625287854405,3.41607301727,3.42105805369,3.4191040231692496,"[20.00006895, 20.000177422, 20.000458529]",157.25711822509766,0.3708000183105469
ext4-pipeline-gpu1-b3,G,bandwidth_GB_s,3,4.1830914816,4.18200474643,0.002443687546358172,0.05841821908765621,4.1813796632,4.18589003517,4.183091541216136,"[20.002125174, 20.00039858, 20.001131527]",157.23488998413086,0.37931060791015625
ext4-pipeline-stage,G,bandwidth_GB_s,3,3.449783824043333,3.41146701712,0.07231925876856131,2.09634175522915,3.40468538414,3.53319907087,3.4497830869647825,"[20.000439687, 20.000467671, 20.001472107]",157.25604629516602,0.38816070556640625
ext4-pipeline-readers2,G,bandwidth_GB_s,3,4.6256723979066665,4.60836901665,0.04287800976062602,0.9269573387866882,4.59414986211,4.67449831496,4.6256719967449325,"[20.000901827, 20.001493936, 20.001214268]",157.28312301635742,0.3794593811035156
ext4-pipeline-bulk,G,bandwidth_GB_s,3,5.23867924523,5.2453854087,0.015240555853044072,0.29092363054907644,5.22123556126,5.24941676573,5.238683176489179,"[20.035225791, 20.019839482, 20.012217419]",157.0040054321289,0.5550804138183594
ext4-pipeline-shared-both,G,bandwidth_GB_s,3,3.99112335122,3.9764452307,0.026989647014189683,0.6762418657378638,3.97465368137,4.02227114159,3.9911233096144016,"[20.00034973, 20.001450287, 20.000851519]",157.11105346679688,0.5143470764160156
residency-contiguous,I,bandwidth_GB_s,3,6.387362789886667,6.3689420896,0.03568831927894759,0.5587332433262464,6.36464878438,6.42849749568,6.387362853068242,"[20.000349211, 20.000322651, 20.000176185]",157.1837043762207,0.4151458740234375
residency-pack,I,bandwidth_GB_s,3,6.3822127429333335,6.35695689925,0.054721208352071025,0.8574018221605156,6.34468074638,6.44500058317,6.382212457756876,"[20.001126888, 20.000710899, 20.00077023]",157.19482040405273,0.41518402099609375
residency-noninclusive,I,bandwidth_GB_s,3,3.227278061726667,3.23873944884,0.02318392079059812,0.7183738229916946,3.20059571818,3.24249901816,3.2272781500473413,"[20.000630492, 20.000485311, 20.000724159]",157.18942260742188,0.41504669189453125
controller-ranked-plan,I,work_rate,3,19836.8609578,19947.4737581,242.9232673453504,1.2246053841993139,19558.316299,20004.7928163,3.9000855412281177,"[20.000034462, 20.000007182, 20.000026311]",157.3713493347168,0.200347900390625
virtiofs-reverse-durable,G,bandwidth_GB_s,3,0.12459837024666667,0.124629490167,0.0001395114221425596,0.11196889804125822,0.12444592676,0.124719693813,0.1245985089938667,"[20.0663081961, 20.020073303, 20.077017602]",157.2379035949707,0.373565673828125
ext4-reverse-durable,G,bandwidth_GB_s,3,0.12948044757633334,0.129419486435,0.0001451291210835867,0.11208574251956298,0.129375742104,0.12964611419,0.12948036374250485,"[20.066294098, 20.077125938, 20.108229052]",157.25218963623047,0.37049102783203125
controller-cooperative,I,work_rate,3,97.71013778796667,97.7678084824,0.10322348821865941,0.10564255721617836,97.5909660872,97.7716387943,0.01921059646046408,"[20.001851383, 20.00580152, 20.0065853]",157.3688621520996,0.20000076293945312
process-cuda-initialization-events,A,bandwidth_GB_s,3,1.8848695507747026,1.9152530623756947,0.08066249021952483,4.279473355934454,1.7934277523807154,1.9459278375676978,0.0,"[20.041853170027025, 20.362844349991065, 20.073292582994327]",157.05834197998047,0.014225006103515625
interference-gemm-104857600-A,H,work_rate,3,60164933644333.336,60165173595300.0,34955837225.54082,0.05810001791439381,60129858449300.0,60199768888400.0,0.0,"[60.00197008, 60.001016139, 60.000780782]",156.94573593139648,0.5832481384277344
interference-gemm-104857600-B,H,work_rate,3,60185730795866.664,60231610207900.0,83382209111.74892,0.1385414914949829,60089484183900.0,60236097995800.0,0.0,"[60.001100332, 60.001007263, 60.00111526]",156.91565322875977,0.6460075378417969
interference-gemm-2147483648-A,H,work_rate,3,60191831134933.336,60199892065800.0,44155447829.23225,0.07335787431063198,60144200559200.0,60231400779800.0,0.0,"[60.00121589, 60.000658012, 60.00137283]",156.92182159423828,0.5833740234375
interference-gemm-2147483648-B,H,work_rate,3,59895717385000.0,59906966242900.0,26445905838.19586,0.04415325000317777,59865506713300.0,59914679198800.0,0.0,"[60.000612142, 60.000383521, 60.001835177]",156.92296981811523,0.6459732055664062
interference-dispatch-104857600-A,H,work_rate,3,5483403128583.333,5491916536420.0,30519341332.76306,0.5565766480614002,5449531029840.0,5508761819490.0,0.0,"[60.000184304, 60.000048703, 60.000142623]",157.0972023010254,0.48180389404296875
interference-dispatch-104857600-B,H,work_rate,3,5516836803986.667,5516888689590.0,18976548824.60241,0.3439751708966498,5497834365560.0,5535787356810.0,0.0,"[60.000150512, 60.000110274, 60.000159849]",157.01302337646484,0.5443038940429688
interference-dispatch-524288000-A,H,work_rate,5,5036722414606.0,5427271461860.0,592996198399.6871,11.773454035903516,4223759745120.0,5481463787440.0,0.0,"[60.000113589, 60.000008129, 60.000095799, 60.000128996, 60.000066987]",157.09813690185547,0.48175048828125
interference-dispatch-524288000-B,H,work_rate,5,5189880510472.0,5462284966530.0,451493043501.6187,8.699488217322314,4647664662950.0,5592138337770.0,0.0,"[60.00017656, 60.000253199, 60.000115239, 60.000108506, 60.000008276]",157.0303611755371,0.544403076171875
interference-dispatch-2147483648-A,H,work_rate,3,4876671007613.333,4818891962680.0,211576768183.6212,4.338549142505471,4699985932160.0,5111135128000.0,0.0,"[60.00001437, 60.000095329, 60.000187348]",157.1172332763672,0.4817657470703125
interference-dispatch-2147483648-B,H,work_rate,3,4852410962926.667,4755005833940.0,222850064598.30853,4.5925637028875945,4694845905320.0,5107381149520.0,0.0,"[60.000009478, 60.000077559, 60.000176238]",157.03215789794922,0.5865554809570312
interference-cpu-104857600-A,H,bandwidth_GB_s,3,13.8827242568,13.8891885743,0.02690353606117048,0.1937914746667439,13.853177469,13.9058067271,13.882724767375995,"[60.073547365, 60.068116491, 60.069245158]",154.35852432250977,3.184795379638672
interference-cpu-104857600-B,H,bandwidth_GB_s,3,13.8606841099,13.8478488158,0.025355562629997767,0.18293153807529275,13.8443125934,13.8898909205,13.86069086634028,"[60.030150733, 60.014821279, 60.06507913]",154.10964584350586,3.4301490783691406
interference-cpu-2147483648-A,H,bandwidth_GB_s,3,13.889429229466668,13.9117768148,0.054225704228023364,0.3904098817320915,13.8276010582,13.9289098154,13.889437734925368,"[60.050994082, 60.047767456, 60.025048919]",154.3578987121582,3.184814453125
interference-cpu-2147483648-B,H,bandwidth_GB_s,3,13.519694702666667,13.5444609409,0.06882121629054012,0.5090441596803632,13.441917892,13.5727052751,13.519679296400392,"[60.011436728, 60.044775739, 60.069839597]",154.1331558227539,3.4302520751953125
interference-burst30s-A,H,work_rate,3,5495226417783.333,5503258667210.0,30530818279.78907,0.5555879950821864,5461482476270.0,5520938109870.0,0.0,"[60.000089391, 60.000105472, 60.000173942]",157.09986114501953,0.4817619323730469
interference-burst30s-B,H,work_rate,3,5480094295663.333,5482693520960.0,52104676197.77067,0.9507988984606277,5426738652600.0,5530850713430.0,0.0,"[60.000122777, 60.000068693, 60.000122451]",157.00045776367188,0.5443267822265625
interference-both-gpus-A,H,work_rate,3,121194321083662.7,121028801474639.44,303559620536.7,0.25047346923718244,121009497466617.66,121544664309731.0,0.0,"[60.002001976, 60.002241905, 60.001591817]",156.60283279418945,1.1299819946289062
interference-both-gpus-B,H,work_rate,3,120899014887143.19,120948631281694.48,118092107193.41594,0.09767830391641533,120764209390695.34,120984203989039.75,0.0,"[60.002242136, 60.001639926, 60.000550681]",156.35352325439453,1.2551994323730469
interference-combined-A,H,work_rate,3,59959652545200.0,59988668731400.0,66197959502.18063,0.11040417462772645,59883901366400.0,60006387537800.0,0.0,"[60.00054236, 60.001144026, 60.001750011]",154.02387619018555,3.5842552185058594
interference-combined-B,H,work_rate,3,59838284456833.336,59815839219700.0,46418944902.35862,0.07757399016986312,59807354057200.0,59891660093600.0,0.0,"[60.001502018, 60.002181325, 60.001948699]",153.91948318481445,3.6468467712402344
interference-storage-ext4-A,H,work_rate,3,5477293769353.333,5482918749830.0,14924294483.84117,0.27247569899109464,5460374392080.0,5488588166150.0,0.0,"[60.000158055, 60.000007757, 60.000046225]",157.11771774291992,0.4817924499511719
interference-storage-ext4-B,H,work_rate,3,5301195909586.667,5456474856450.0,277607746255.9242,5.236700378378757,4980693517460.0,5466419354850.0,0.0,"[60.000002976, 60.000139185, 60.000013236]",156.97958374023438,0.5444145202636719
interference-controller-A,I,bandwidth_GB_s,3,13.544761682666667,13.5354824123,0.23743742358692296,1.7529833979343719,13.3120999241,13.7867027116,13.54480105397381,"[20.015782928, 20.069966714, 20.00345354]",154.36381912231445,3.184783935546875
interference-controller-B,I,bandwidth_GB_s,3,13.458861564566666,13.4363478422,0.16669587726857887,1.2385585249456867,13.3045667277,13.6356701238,13.458805459945719,"[20.014779722, 20.058218274, 20.001248257]",154.19773864746094,3.384796142578125
immutable-store-inclusive,I,bandwidth_GB_s,3,6.65100933848,6.54235017572,0.4012442007334466,6.032831714909991,6.31528533587,7.09539250385,6.651027667779339,"[20.002974582, 20.000579719, 20.000252172]",155.6016845703125,1.2518310546875
immutable-store-pack,I,bandwidth_GB_s,3,6.67412603525,6.64942767646,0.10038273478993633,1.5040581232622197,6.58839776184,6.78455266745,6.674129950093335,"[20.000682037, 20.00277075, 20.000509687]",156.36120986938477,1.2518501281738281
immutable-store-exchange,I,bandwidth_GB_s,3,2.932127426326667,2.78740569489,0.26447952813495446,9.020055737014511,2.77159102684,3.23738555725,2.932131844906528,"[20.001545254, 20.000793147, 20.000547568]",156.37178421020508,1.2516593933105469
rolling-monitor-ranked,I,work_rate,3,9813.91019094,8937.65453506,1518.1573912191427,15.469444509698839,8937.14871416,11566.9273236,0.9647464290989565,"[20.00011477, 20.000101738, 20.000039209]",157.3917236328125,0.18469619750976562
rolling-monitor-cooperative,I,work_rate,3,97.36379439866667,97.3551419779,0.08824066525436411,0.09062985455666722,97.2801986737,97.4560425444,0.009571251119541225,"[20.009215337, 20.009020981, 20.004070988]",157.37524795532227,0.184295654296875
rolling-monitor-cgroup25,I,work_rate,3,2982.55250755,2981.2279644,3.75266380152127,0.12582054438343732,2979.64173075,2986.7878275,0.2931968416822004,"[20.000081509, 20.000147829, 20.000055505]",157.3727264404297,0.18471908569335938
pipeline-stage-diagnostic-virtiofs,G,bandwidth_GB_s,3,5.449284712393333,5.46064399194,0.09907590748148948,1.8181451825440629,5.34501876262,5.54219138262,5.449285014533707,"[20.000668528, 20.000756798, 20.000962726]",157.18330001831055,0.3881721496582031
pipeline-stage-diagnostic-ext4,G,bandwidth_GB_s,3,3.2391401388466665,3.21128064401,0.14945887010334943,4.614152636093293,3.10557127521,3.40056849732,3.239138538409253,"[20.001326514, 20.001202456, 20.000710217]",157.19223403930664,0.3882560729980469
burst-timeseries-diagnostic,H,work_rate,1,5459750358990.0,5459750358990.0,0,0.0,5459750358990.0,5459750358990.0,0.0,[60.000132618],157.0785140991211,0.5443534851074219
reverse-active-virtiofs,G,bandwidth_GB_s,3,0.12453969121466667,0.124549429594,8.614430847211231e-05,0.06917016385051655,0.124449091547,0.124620552503,0.12453968950041006,"[20.067747332, 20.07011864, 20.079206851]",157.24847793579102,0.37352752685546875
reverse-active-ext4,G,bandwidth_GB_s,3,0.129489807914,0.129489869385,3.5036919557122816e-06,0.002705766586694793,0.129486273891,0.129493280466,0.12948980925186224,"[20.0899772299, 20.066213213, 20.066770399]",157.27415084838867,0.370574951171875
rolling-monitor-interference-A,I,bandwidth_GB_s,3,13.752119843100001,13.7443662452,0.022711066572705302,0.16514593264034394,13.734300932,13.7776923521,13.752117996446938,"[20.028872885, 20.0774371, 20.013971465]",154.40958786010742,3.1848220825195312
rolling-monitor-interference-B,I,bandwidth_GB_s,3,13.731241051966666,13.7279369335,0.018266453739754385,0.13302842525758557,13.7148521735,13.7509340489,13.731250450831755,"[20.067847594, 20.042352879, 20.023249544]",154.2731475830078,3.3692665100097656
