method,context,profile,n,actual_input,PP,PP_min,PP_max,TG,TG_min,TG_max,TTFT_s,wall_s,pp_s,decode_s,displayed_hit_pct,local_VRAM_all_pct,PCIe_or_remote_share_pct,CPU_entries,CPU_share_pct,CPU_system_decode_pct,CPU_process_decode_pct_one_core100,GPU0_decode_pct,GPU1_decode_pct,GPU0_prefill_pct,GPU1_prefill_pct,MTP_accept_pct,accepted_per_window,primary_slots,secondary_slots,resident_fraction_pct,cache_primary_MiB_reported,cache_secondary_MiB_reported,split_K,pcie_frac,helper_returned_MiB,helper_wait_ms,GPU0_decode_power_W,GPU0_peak_VRAM_MiB,GPU0_decode_temp_C,GPU0_decode_PCIE_RX_MBps,GPU0_decode_PCIE_TX_MBps,GPU1_decode_power_W,GPU1_peak_VRAM_MiB,GPU1_decode_temp_C,GPU1_decode_PCIE_RX_MBps,GPU1_decode_PCIE_TX_MBps,peak_RAM_used_GiB,peak_sum_RSS_GiB,min_RAM_available_GiB,expert_file_blobs_request_median,expert_file_MB_request_median
layer-split,32768,32k,3,28379,2574.6,1512.1,2579.0,96.2,92.2,99.5,11.181398570013698,55.57206210499862,11.0225,42.5607,91.0,89.663912521815,1.4,196292,8.921066026759744,50.13488372093023,696.1651162790698,54.09756097560975,52.04545454545455,75.0,74.0,84.62934947049925,2.1515384615384616,6031,5510,46.96044921875,18042,16462,24,0.28,,,148.89162790697674,23836.0,44.58139534883721,3175.0975609756097,442.72972972972974,162.1479069767442,24028.0,44.22727272727273,1946.2631578947369,259.0731707317073,81.56249237060547,76.24322891235352,79.57012557983398,0,0.0
layer-split,131072,128k,3,126716,3248.9,1752.2,3250.9,93.0,89.3,94.0,39.26548322598683,83.27284436899936,39.0033,44.0442,91.0,89.71710397012579,1.4,217123,8.89032199947589,44.74090909090909,688.2795454545454,55.58695652173913,51.52272727272727,86.775,93.25,72.60196905766526,1.6911957950065704,5999,5477,46.695963541666664,17940,16365,24,0.28,,,156.7143181818182,23836.0,45.77272727272727,3200.775,366.275,173.59348837209302,24028.0,47.16279069767442,1387.075,231.175,83.33197402954102,78.0249252319336,77.80064392089844,0,0.0
layer-split,262144,256k,3,257783,3294.7,2285.8,3295.8,87.8,86.2,89.5,78.7658245160128,125.39009388000704,78.2415,46.6768,91.1,89.87133307372794,1.3,216575,8.785006165628245,43.35,663.6541666666667,53.744680851063826,51.78260869565217,89.73417721518987,95.32911392405063,70.61316756145804,1.5648090169067002,5954,5432,46.329752604166664,17808,16230,24,0.28,,,156.6631914893617,23840.0,46.73913043478261,3404.3333333333335,358.04761904761904,172.31739130434784,24030.0,46.84782608695652,1696.857142857143,269.8095238095238,85.83816909790039,79.70517349243164,75.29444885253906,0,0.0
original-helper,32768,32k,3,28379,1404.3,1218.5,1404.5,58.0,57.4,59.1,20.386945811042096,91.7172312400071,20.208599999999997,70.60539999999999,80.8,66.48334231321839,17.4,352069,15.807695761494253,48.6231884057971,667.9028571428571,99.97142857142858,11.211267605633802,99.61904761904762,0.6666666666666666,83.65558912386707,2.0612855007473843,5358,7698,53.125,15999,23047,,0.28,2311.8,412.0,178.13714285714286,23884.0,46.54929577464789,8672.859375,1038.40625,79.26422535211267,23902.0,45.21059782608695,36.328125,164.8153846153846,81.33460235595703,75.38577270507812,79.79801559448242,0,0.0
original-helper,131072,128k,3,126716,1467.8,1407.3,1468.1,53.6,53.5,53.9,86.615189217031,163.09976965305395,86.3327,76.3846,79.1,65.08920128335022,18.0,406887,17.17692502532928,44.93157894736842,685.5342105263157,100.0,12.710526315789474,99.98850574712644,0.14942528735632185,75.98391266877334,1.8191196698762035,5299,7696,52.876790364583336,15824,23044,,0.28,2519.2,531.0,181.46197368421053,23880.0,47.75,8541.371428571429,1043.9857142857143,80.44233766233766,23902.0,47.973684210526315,34.05797101449275,169.53623188405797,82.10310363769531,77.15740966796875,79.02951431274414,0,0.0
original-helper,262144,256k,3,257783,1445.8,1434.9,1446.0,48.8,48.8,53.0,178.83551335398806,262.6855155809899,178.30329999999998,83.8813,78.4,62.945873786407766,19.7,429790,17.386326860841425,43.791666666666664,672.8038461538462,100.0,12.75,99.44134078212291,0.08379888268156424,73.00337457817773,1.7295136575616257,5222,7696,52.5634765625,15594,23039,,0.28,2845.3,616.0,179.60107142857143,23882.0,47.26190476190476,8599.742857142857,1056.0,79.12488095238095,23900.0,42.421052631578945,34.51948051948052,169.80519480519482,85.39072799682617,78.82051467895508,75.74188995361328,0,0.0
optimized-helper,32768,32k,3,28379,1404.2,1216.8,1404.3,48.6,48.3,49.4,20.379967121989466,105.09435655898415,20.2107,84.3022,89.7,43.77576019599366,51.0,112068,5.063435263500326,25.409411764705883,323.67176470588237,95.9047619047619,9.25301204819277,97.76190476190476,0.23809523809523808,84.01812688821752,2.1045454545454545,5358,7698,53.125,15999,23047,,0.28,2167.9,977.0,165.4589156626506,23882.0,45.88235294117647,10060.961538461539,1145.5641025641025,83.82705882352941,23902.0,48.57142857142857,720.974358974359,103.89473684210526,80.54943466186523,75.38692474365234,80.58318328857422,0,0.0
optimized-helper,131072,128k,3,126716,1468.2,1412.9,1468.6,45.0,43.2,45.7,86.59475580602884,179.78356296598213,86.3091,91.0402,89.5,44.98475302419355,49.7,125719,5.280535954301075,20.8561797752809,302.27684210526314,96.04494382022472,9.285714285714286,99.75862068965517,0.02197802197802198,73.2802728823195,1.6982872200263504,5299,7696,52.876790364583336,15824,23044,,0.28,2356.5,1358.0,167.88846153846154,23880.0,46.68421052631579,9771.091954022988,1134.1927710843374,84.02714285714286,23902.0,48.3936170212766,585.6321839080459,96.49425287356321,82.29853439331055,77.15230178833008,78.8340835571289,0,0.0
optimized-helper,262144,256k,3,257783,1446.1,1422.0,1446.4,44.8,42.1,45.4,178.81445567199262,273.7590916689951,178.2647,91.4263,91.0,48.024509318001584,47.2,115476,4.769528152260111,19.481318681318683,290.95604395604397,96.02061855670104,9.515463917525773,99.46927374301676,0.055865921787709494,72.83497884344146,1.692965154503616,5222,7696,52.5634765625,15594,23039,,0.28,2371.5,1518.0,171.726,23882.0,46.888888888888886,9149.843373493975,1078.3214285714287,81.89344444444444,23900.0,43.62637362637363,636.4698795180723,148.7888888888889,85.81415176391602,78.8157730102539,75.31846618652344,0,0.0
