CPU_VM_pct_max,CPU_VM_pct_median,CPU_VM_pct_min,CPU_completion_ms_max,CPU_completion_ms_median,CPU_completion_ms_min,CPU_entries_per_layer_window_max,CPU_entries_per_layer_window_median,CPU_entries_per_layer_window_min,CPU_experts_per_layer_window_max,CPU_experts_per_layer_window_median,CPU_experts_per_layer_window_min,CPU_process_one_core100_max,CPU_process_one_core100_median,CPU_process_one_core100_min,GPU0_decode_power_w_max,GPU0_decode_power_w_median,GPU0_decode_power_w_min,GPU0_decode_util_pct_max,GPU0_decode_util_pct_median,GPU0_decode_util_pct_min,GPU0_decode_vram_mib_max,GPU0_decode_vram_mib_median,GPU0_decode_vram_mib_min,GPU0_prefill_power_w_max,GPU0_prefill_power_w_median,GPU0_prefill_power_w_min,GPU0_prefill_util_pct_max,GPU0_prefill_util_pct_median,GPU0_prefill_util_pct_min,GPU0_prefill_vram_mib_max,GPU0_prefill_vram_mib_median,GPU0_prefill_vram_mib_min,GPU1_decode_power_w_max,GPU1_decode_power_w_median,GPU1_decode_power_w_min,GPU1_decode_util_pct_max,GPU1_decode_util_pct_median,GPU1_decode_util_pct_min,GPU1_decode_vram_mib_max,GPU1_decode_vram_mib_median,GPU1_decode_vram_mib_min,GPU1_prefill_power_w_max,GPU1_prefill_power_w_median,GPU1_prefill_power_w_min,GPU1_prefill_util_pct_max,GPU1_prefill_util_pct_median,GPU1_prefill_util_pct_min,GPU1_prefill_vram_mib_max,GPU1_prefill_vram_mib_median,GPU1_prefill_vram_mib_min,GPU_reach_wait_ms_max,GPU_reach_wait_ms_median,GPU_reach_wait_ms_min,PP_max,PP_median,PP_min,Q4_EARLY_busy_max,Q4_EARLY_busy_median,Q4_EARLY_busy_min,Q4_EARLY_bytes_max,Q4_EARLY_bytes_median,Q4_EARLY_bytes_min,Q4_EARLY_copy_ms_max,Q4_EARLY_copy_ms_median,Q4_EARLY_copy_ms_min,Q4_EARLY_drain_ms_max,Q4_EARLY_drain_ms_median,Q4_EARLY_drain_ms_min,Q4_EARLY_issued_max,Q4_EARLY_issued_median,Q4_EARLY_issued_min,Q4_EARLY_late_max,Q4_EARLY_late_median,Q4_EARLY_late_min,Q4_EARLY_publish_wait_ms_max,Q4_EARLY_publish_wait_ms_median,Q4_EARLY_publish_wait_ms_min,Q4_EARLY_ready_max,Q4_EARLY_ready_median,Q4_EARLY_ready_min,Q4_EARLY_scoring_ms_max,Q4_EARLY_scoring_ms_median,Q4_EARLY_scoring_ms_min,Q4_EARLY_staged_ms_max,Q4_EARLY_staged_ms_median,Q4_EARLY_staged_ms_min,Q4_EARLY_target_entries_max,Q4_EARLY_target_entries_median,Q4_EARLY_target_entries_min,Q4_EARLY_windows_max,Q4_EARLY_windows_median,Q4_EARLY_windows_min,Q4_EARLY_wrong_max,Q4_EARLY_wrong_median,Q4_EARLY_wrong_min,Q4_HISTORY_bytes_max,Q4_HISTORY_bytes_median,Q4_HISTORY_bytes_min,Q4_HISTORY_promotions_max,Q4_HISTORY_promotions_median,Q4_HISTORY_promotions_min,Q4_HISTORY_selector_ms_max,Q4_HISTORY_selector_ms_median,Q4_HISTORY_selector_ms_min,Q4_HISTORY_windows_max,Q4_HISTORY_windows_median,Q4_HISTORY_windows_min,RAM_used_GiB_max,RAM_used_GiB_median,RAM_used_GiB_min,RSS_sum_GiB_max,RSS_sum_GiB_median,RSS_sum_GiB_min,TG_max,TG_median,TG_min,TTFT_s_max,TTFT_s_median,TTFT_s_min,activation_quantization_ms_max,activation_quantization_ms_median,activation_quantization_ms_min,actual_input_tokens_max,actual_input_tokens_median,actual_input_tokens_min,actual_output_tokens_max,actual_output_tokens_median,actual_output_tokens_min,all_routed_entries_max,all_routed_entries_median,all_routed_entries_min,attempts,context,cpu_fallback_entries_max,cpu_fallback_entries_median,cpu_fallback_entries_min,decode_s_max,decode_s_median,decode_s_min,local_vram_entries_max,local_vram_entries_median,local_vram_entries_min,local_vram_share_all_pct_max,local_vram_share_all_pct_median,local_vram_share_all_pct_min,mtp_acceptance_pct_max,mtp_acceptance_pct_median,mtp_acceptance_pct_min,mtp_accepted_max,mtp_accepted_median,mtp_accepted_min,mtp_accepted_per_window_max,mtp_accepted_per_window_median,mtp_accepted_per_window_min,mtp_proposed_max,mtp_proposed_median,mtp_proposed_min,nonlocal_gpu_entries_max,nonlocal_gpu_entries_median,nonlocal_gpu_entries_min,pp_s_max,pp_s_median,pp_s_min,profile,valid,variant,verify_windows_max,verify_windows_median,verify_windows_min,wall_s_max,wall_s_median,wall_s_min,window_ms_max,window_ms_median,window_ms_min
47.70810810810811,46.88947368421053,45.443243243243245,10.36,9.73,9.24,3.17,2.99,2.83,2.73,2.53,2.44,724.9567567567567,716.7631578947369,695.8702702702702,156.60657894736843,156.04783783783785,155.06675675675675,54.55263157894737,53.86486486486486,53.513513513513516,23836.0,23836.0,23836.0,145.16555555555556,144.99157894736842,144.675,47.611111111111114,44.8421052631579,37.833333333333336,23836.0,23836.0,23836.0,173.97405405405405,173.25236842105264,171.50702702702702,53.270270270270274,52.94736842105263,50.0,24028.0,24028.0,24028.0,149.1677777777778,147.13444444444445,140.98684210526315,58.666666666666664,52.833333333333336,52.31578947368421,24027.36842105263,24027.333333333332,24027.333333333332,5.73,5.69,5.67,1611.1,1610.3,1573.8,,,,,,,,,,,,,,,,,,,,,,,,,,,,,,,,,,,,,,,,,,,,,,,,,,,,81.21583015040348,81.01264510283599,80.88185284588788,76.2240471087004,76.21928828471415,76.21281113495698,110.1,109.9,106.8,18.195793364022393,17.699286443996243,17.69438080198597,0.37,0.35,0.34,28381,28379,28378,4096,4096,4096,2265120,2213760,2200320,3,32768,196292,195875,183125,38.348099999999995,37.2789,37.1905,2039126,2002866,1972893,90.4734930615785,90.02286854559581,89.663912521815,85.25037936267071,84.29271279853032,81.44391408114558,2809,2753,2730,2.1792086889061286,2.0453194650817235,1.9970738844184346,3352,3295,3266,31135,30119,27769,18.0329,17.6236,17.6144,32k,3,control,1367,1346,1289,56.53252476704074,54.961291952989995,54.87841522396775,28.92,28.05,27.63
45.464444444444446,44.945454545454545,44.315555555555555,10.01,9.85,9.39,3.14,3.01,3.0,2.61,2.52,2.5,703.5333333333333,688.4840909090909,682.9844444444444,153.97755555555557,153.5162222222222,153.04659090909092,56.13333333333333,54.84444444444444,53.86363636363637,23836.0,23836.0,23836.0,154.40521126760564,153.42708333333334,152.63680555555555,50.2112676056338,48.94444444444444,45.43055555555556,23836.0,23836.0,23836.0,170.8411111111111,169.39227272727274,168.55866666666665,51.22222222222222,49.733333333333334,49.59090909090909,24028.0,24028.0,24028.0,149.93859154929578,149.17833333333334,149.03055555555557,55.22222222222222,50.29577464788732,49.84722222222222,24027.830985915494,24027.805555555555,24027.805555555555,6.33,6.25,6.24,1795.3,1789.2,1774.5,,,,,,,,,,,,,,,,,,,,,,,,,,,,,,,,,,,,,,,,,,,,,,,,,,,,82.68739649454753,82.67123345269097,82.66805683482777,77.98379406399197,77.97949860312723,77.97904527452258,93.0,92.4,90.7,71.95778701000381,71.35698494099779,70.84473960101604,0.34,0.33,0.33,126719,126716,126715,4096,4096,4096,2434080,2413440,2405760,3,131072,231342,221528,217585,45.153,44.315599999999996,44.0459,2177256,2153780,2145481,89.52597100292631,89.448826661408,88.89721725006629,73.94526795895096,73.33333333333333,72.45186862967158,2594,2563,2559,1.7247340425531914,1.6718851924331377,1.6627680311890838,3532,3508,3495,36617,35296,34395,71.41080000000001,70.8235,70.5805,128k,3,control,1539,1533,1504,116.49807541602058,115.99133913597325,115.14908336399822,29.45,29.29,28.8
45.39795918367347,43.4375,42.96666666666667,10.69,9.53,8.68,3.37,2.74,2.71,2.8,2.31,2.3,695.630612244898,654.84375,652.5733333333334,156.19155555555557,155.85895833333333,152.70979591836735,55.53061224489796,53.270833333333336,51.44444444444444,23840.0,23840.0,23840.0,184.5313392857143,172.0175,171.81209677419355,63.223214285714285,59.08870967741935,56.66129032258065,23840.0,23840.0,23840.0,173.80622222222223,169.878125,164.95857142857142,53.53333333333333,52.4375,49.46938775510204,24030.0,24030.0,24030.0,175.59437499999999,166.71895161290323,164.91112903225806,70.91964285714286,62.733870967741936,59.435483870967744,24029.887096774193,24029.887096774193,24029.875,6.88,6.71,6.63,2331.3,2092.7,2090.2,,,,,,,,,,,,,,,,,,,,,,,,,,,,,,,,,,,,,,,,,,,,,,,,,,,,84.34716259703345,84.33572743733724,84.30101013183594,79.62968357404073,79.62930585900132,79.62754440307617,90.9,85.9,83.5,123.84108281199588,123.70067034196109,111.65126828401117,0.35,0.35,0.3,257783,257783,257781,4096,4096,4096,2507520,2491200,2478240,3,262144,252825,213972,205821,49.0814,47.6752,45.0776,2244304,2241653,2213411,90.45342662534702,90.0892742453436,88.27092106942318,70.21514389494273,69.3149915777653,69.21606118546845,2534,2513,2469,1.621241202815099,1.586489898989899,1.5165847665847665,3661,3579,3562,41284,32924,30766,123.32889999999999,123.1849,110.5739,256k,3,control,1628,1584,1563,172.9126440709806,168.76851534697926,159.31520484702196,31.4,29.28,28.46
52.417073170731705,50.65405405405406,49.63055555555555,15.07,10.81,10.3,3.31,3.17,3.11,2.83,2.74,2.71,768.9918918918919,763.9861111111111,740.2829268292683,157.675,155.89216216216215,149.8531707317073,51.138888888888886,49.78048780487805,49.62162162162162,23836.0,23836.0,23836.0,146.07111111111112,145.27722222222224,144.1563157894737,47.166666666666664,46.833333333333336,46.63157894736842,23836.0,23836.0,23836.0,174.77777777777777,173.93675675675675,164.48463414634145,53.30555555555556,52.58536585365854,51.75675675675676,24028.0,24028.0,24028.0,148.13555555555556,144.92894736842106,144.01611111111112,63.05263157894737,56.44444444444444,47.166666666666664,24027.36842105263,24027.333333333332,24027.333333333332,5.75,5.72,5.42,1607.0,1602.9,1588.1,,,,,,,,,,,,,,,,,,,,,,,,,,,,,,,,,,,,,,,,46597529600,45414400000,40482816000,14954,14588,12985,218.419,150.789,149.608,1309,1306,1290,81.27452208356159,81.16857094234891,80.86463742642789,76.22474167986614,76.21885765923395,76.21837327287004,114.5,112.0,98.3,18.030970324994996,17.809824755007867,17.781196526018903,0.63,0.38,0.37,28381,28379,28378,4096,4096,4096,2218560,2208960,2179680,3,32768,207282,196422,195478,41.6585,36.5837,35.7614,1982529,1978318,1951518,89.7494295958279,89.53231667033693,89.17126424347325,86.37342356198093,84.69480716671728,84.1978287092883,2808,2792,2789,2.1767441860465118,2.1378254211332313,2.1306340718105425,3316,3293,3251,32960,31740,30953,17.870900000000002,17.704099999999997,17.659599999999998,32k,3,history-v2,1309,1306,1290,59.6760824790108,54.35273641702952,53.55854392598849,32.29,28.01,27.32
48.77906976744186,48.77142857142857,46.883720930232556,10.65,10.43,10.09,3.31,3.25,3.18,2.78,2.75,2.68,752.1142857142858,749.3232558139534,718.9372093023255,156.28674418604652,155.2447619047619,155.176511627907,52.976190476190474,52.44186046511628,51.97674418604651,23836.0,23836.0,23836.0,154.67277777777778,154.34535211267607,154.23638888888888,53.208333333333336,51.68055555555556,47.225352112676056,23836.0,23836.0,23836.0,172.3372093023256,172.29441860465116,171.61738095238096,51.0,50.976190476190474,50.372093023255815,24028.0,24028.0,24028.0,149.39394366197183,149.38722222222222,149.01680555555555,53.736111111111114,51.083333333333336,48.7887323943662,24027.833333333332,24027.830985915494,24027.805555555555,6.31,6.29,6.27,1794.8,1790.6,1788.3,,,,,,,,,,,,,,,,,,,,,,,,,,,,,,,,,,,,,,,,56189849600,55895244800,55125708800,18017,17928,17677,173.449,170.912,167.865,1506,1504,1467,82.68803725131723,82.68325956477675,82.64724695114862,77.98355484008789,77.98285071794376,77.98232650756836,96.4,95.8,95.0,71.31362269603414,71.12764670600882,70.8701678320067,0.37,0.35,0.34,126719,126716,126715,4096,4096,4096,2424960,2396640,2386560,3,131072,234859,232786,230008,43.107699999999994,42.7472,42.5036,2152240,2129431,2115880,88.85068262233794,88.75362892583796,88.65815231965675,75.09272467902996,74.27588184685976,73.05524239007892,2632,2592,2590,1.7941376959781867,1.7234042553191489,1.7197875166002656,3548,3505,3487,37894,37861,37201,70.8595,70.76939999999999,70.6015,128k,3,history-v2,1506,1504,1467,114.22357065696269,113.8055474840221,113.60498853301397,28.97,28.66,28.38
47.12553191489362,43.99111111111111,43.69090909090909,10.32,8.54,8.24,3.14,2.66,2.53,2.68,2.24,2.17,718.3787234042553,679.3844444444444,663.0022727272727,159.45090909090908,159.03755555555554,154.5195744680851,53.340425531914896,50.577777777777776,49.77272727272727,23840.0,23840.0,23840.0,172.64862903225807,172.57120967741935,171.40032,61.596774193548384,60.61290322580645,58.408,23840.0,23840.0,23840.0,176.97068181818182,175.742,170.38787234042553,52.022222222222226,51.56818181818182,50.170212765957444,24030.0,24030.0,24030.0,166.71725806451613,166.1941129032258,165.334,63.685483870967744,62.07258064516129,60.456,24029.888,24029.887096774193,24029.887096774193,6.72,6.72,6.71,2099.7,2099.3,2084.5,,,,,,,,,,,,,,,,,,,,,,,,,,,,,,,,,,,,,,,,56854220800,48487424000,44732416000,18220,15512,14318,190.192,181.6,178.088,1656,1637,1595,84.35406589508057,84.35300403171115,84.32998657226562,79.63145932284269,79.62966918945312,79.62825133952688,93.5,91.2,87.9,124.79549484403105,123.32095764100086,123.29804381600115,0.33,0.33,0.31,257783,257783,257781,4096,4096,4096,2510880,2487360,2470560,3,262144,240561,211147,198920,46.5959,44.9351,43.786300000000004,2268653,2258951,2191019,90.81721182297697,90.35290416109093,88.68511592513438,70.41103603603604,69.44992947813822,68.33566433566433,2501,2462,2443,1.568025078369906,1.5039706780696396,1.4752415458937198,3575,3552,3545,38980,31080,29489,123.6659,122.7957,122.7701,256k,3,history-v2,1656,1637,1595,171.38059110200265,168.2460715690395,167.07787144801114,29.21,27.13,26.75
49.675555555555555,45.3974358974359,45.32051282051282,14.34,9.57,9.46,2.98,2.84,2.8,2.52,2.43,2.39,697.9466666666667,694.751282051282,694.3641025641026,154.93692307692308,154.69923076923078,146.0988888888889,54.022222222222226,53.256410256410255,52.69230769230769,23836.0,23836.0,23836.0,146.5178947368421,144.43555555555557,143.42277777777778,44.833333333333336,42.94736842105263,35.94444444444444,23836.0,23836.0,23836.0,172.60128205128206,171.26871794871795,159.35755555555556,52.56410256410256,52.35897435897436,50.31111111111111,24026.0,24026.0,24026.0,143.49,143.33333333333334,141.91947368421052,49.10526315789474,47.55555555555556,47.388888888888886,24025.36842105263,24025.333333333332,24025.333333333332,5.75,5.69,5.4,1614.2,1608.3,1582.6,162,16,0,18561024000,18438144000,18401280000,1901.508,1772.175,1757.043,270.726,114.908,114.141,6042,6002,5990,180,19,1,90.936,47.258,46.246,1043,1008,979,309.809,187.01,165.813,3161.903,1849.848,1829.545,1437,1424,1401,1366,1365,1363,5015,4958,4831,,,,,,,,,,,,,81.3073736337515,81.2669186714368,80.88419019911024,76.23333084888948,76.23004421657986,76.2270876566569,106.7,105.7,89.3,18.08454603300197,17.726288514968473,17.65810824400978,0.62,0.36,0.35,28381,28379,28378,4096,4096,4096,2257440,2253120,2239680,3,32768,195002,185488,183587,45.885,38.735699999999994,38.401,2043944,2028735,2028385,90.58146699528504,90.54256148557658,90.02560893339015,82.72727272727273,82.09672574346651,81.8562874251497,2734,2733,2730,2.0058694057226707,2.002197802197802,1.9985358711566619,3340,3329,3300,29733,28008,27358,17.9335,17.6449,17.5811,32k,3,early-v1,1366,1365,1363,63.95324358996004,56.45040006499039,56.064937977993395,33.62,28.42,28.11
46.39111111111111,46.08695652173913,44.31590909090909,10.85,10.2,9.6,3.33,3.12,2.91,2.76,2.61,2.45,704.2260869565217,696.1644444444445,678.9681818181818,153.26295454545453,152.7631111111111,150.60195652173914,57.0,53.266666666666666,52.79545454545455,23836.0,23836.0,23836.0,155.30591549295775,154.67464788732394,153.44027777777777,51.43055555555556,50.45070422535211,46.95774647887324,23836.0,23836.0,23836.0,169.7993181818182,167.53555555555556,166.9263043478261,51.72727272727273,51.28888888888889,50.73913043478261,24028.0,24028.0,24028.0,151.14098591549296,150.8561971830986,150.48541666666668,55.647887323943664,50.88732394366197,49.013888888888886,24027.833333333332,24027.830985915494,24027.830985915494,6.38,6.32,6.31,1794.6,1793.6,1790.6,8,5,1,21193728000,20742144000,20613120000,2079.587,2020.781,1949.081,127.598,122.548,118.714,6899,6752,6710,7,6,1,55.755,55.564,47.404,1238,1218,1083,206.447,205.834,200.215,2172.351,2150.003,1958.722,1740,1729,1542,1520,1488,1457,5675,5668,5465,,,,,,,,,,,,,82.69551965464716,82.69262669881185,82.68292886560613,77.99546432495117,77.99155382676558,77.99100494384766,93.8,90.4,89.5,71.02893302898156,70.90933803701773,70.88179893797496,0.37,0.33,0.33,126719,126716,126715,4096,4096,4096,2405280,2403360,2392320,3,131072,233008,227866,207732,45.776199999999996,45.2866,43.6579,2151916,2140501,2131942,89.95100989834135,88.9917597951174,88.70672724851875,74.68535469107552,74.3943661971831,73.81839014608994,2641,2611,2577,1.8126286890871655,1.7547043010752688,1.6953947368421052,3550,3496,3491,38410,36913,32672,70.7667,70.6492,70.611,128k,3,early-v1,1520,1488,1457,116.80522575398209,116.19856267701834,114.53430245496565,31.08,30.12,29.34
46.83125,46.40416666666667,45.56938775510204,11.66,11.46,10.76,3.57,3.44,3.29,2.99,2.86,2.74,711.98125,709.9708333333333,696.5714285714286,152.23458333333332,151.68285714285713,150.496875,55.770833333333336,55.6875,55.46938775510204,23840.0,23840.0,23840.0,172.50556451612903,171.05895161290323,170.33456,61.306451612903224,59.225806451612904,57.64,23840.0,23840.0,23840.0,165.67448979591836,164.88604166666667,163.82375,50.875,49.6875,49.55102040816327,24030.0,24030.0,24030.0,166.75451612903225,165.69354838709677,164.95768,61.272,61.153225806451616,60.79032258064516,24029.888,24029.887096774193,24029.887096774193,6.92,6.9,6.8,2099.9,2099.7,2092.5,34,2,0,21660672000,21104640000,20877312000,2126.819,2104.895,2081.826,125.19,124.172,121.885,7051,6870,6796,36,1,0,59.29,57.278,52.992,1322,1253,1207,204.731,190.909,180.941,2328.646,2213.669,2186.492,1863,1798,1751,1542,1485,1476,5729,5616,5553,,,,,,,,,,,,,84.36117990811665,84.35082034675442,84.34672784805298,79.64185897509257,79.64155999819438,79.63364355904716,84.5,84.2,83.6,124.34550693898927,123.30790717800846,123.27797555900179,0.37,0.37,0.37,257783,257783,257781,4096,4096,4096,2470560,2452320,2404800,3,262144,253272,244873,243327,48.969699999999996,48.653800000000004,48.488800000000005,2187637,2166686,2108388,88.54822388446344,88.35249885822405,87.67415169660678,74.19354838709677,72.04746136865342,70.84604715672677,2622,2611,2554,1.7764227642276422,1.7582491582491582,1.6562905317769132,3624,3605,3534,43140,40761,39596,123.19330000000001,122.7728,122.76010000000001,256k,3,early-v1,1542,1485,1476,172.8237455090275,172.25175560999196,171.9526852100389,32.96,32.65,31.76
