profile,attempt,state,policy,aggregate_transfer_budget_GB_s,nonlocal_entries,promotion_bytes,useful_promotion_bytes,unused_promotion_bytes,victim_demand_while_absent,modeled_pending_wait_s,path
128k,v1,VALID_WITH_LEGACY_PRECISION_CAVEAT,current,12.6,45276,14373222400,13029580800,1343641600,21323,0.35453717331638124,/srv/ai/research/iq3s-residency-20261004T230051Z/experiments/E004-replay/v1/128k-rate12p6/current.json
128k,v1,VALID_WITH_LEGACY_PRECISION_CAVEAT,frequency,12.6,42179,13233484800,11864729600,1368755200,22583,0.38795054525307715,/srv/ai/research/iq3s-residency-20261004T230051Z/experiments/E004-replay/v1/128k-rate12p6/frequency.json
128k,v1,VALID_WITH_LEGACY_PRECISION_CAVEAT,least-stale-adapted,12.6,84688,33933260800,32765824000,1167436800,60663,1.643411762963505,/srv/ai/research/iq3s-residency-20261004T230051Z/experiments/E004-replay/v1/128k-rate12p6/least-stale-adapted.json
128k,v1,VALID_WITH_LEGACY_PRECISION_CAVEAT,recency,12.6,47040,57553740800,41904998400,15648742400,39906,3.5481010598460694,/srv/ai/research/iq3s-residency-20261004T230051Z/experiments/E004-replay/v1/128k-rate12p6/recency.json
128k,v1,VALID_WITH_LEGACY_PRECISION_CAVEAT,static,12.6,217880,0,0,0,0,0.0,/srv/ai/research/iq3s-residency-20261004T230051Z/experiments/E004-replay/v1/128k-rate12p6/static.json
32k,v1,VALID_WITH_LEGACY_PRECISION_CAVEAT,current,12.6,36776,10697139200,9966720000,730419200,14487,0.22427951112622246,/srv/ai/research/iq3s-residency-20261004T230051Z/experiments/E004-replay/v1/32k-rate12p6/current.json
32k,v1,VALID_WITH_LEGACY_PRECISION_CAVEAT,frequency,12.6,31573,12042419200,10845875200,1196544000,16723,0.3605426117612376,/srv/ai/research/iq3s-residency-20261004T230051Z/experiments/E004-replay/v1/32k-rate12p6/frequency.json
32k,v1,VALID_WITH_LEGACY_PRECISION_CAVEAT,least-stale-adapted,12.6,67123,25746739200,24748748800,997990400,44677,1.1497613562988769,/srv/ai/research/iq3s-residency-20261004T230051Z/experiments/E004-replay/v1/32k-rate12p6/least-stale-adapted.json
32k,v1,VALID_WITH_LEGACY_PRECISION_CAVEAT,recency,12.6,31410,42643737600,31766912000,10876825600,24998,2.479828170788231,/srv/ai/research/iq3s-residency-20261004T230051Z/experiments/E004-replay/v1/32k-rate12p6/recency.json
32k,v1,VALID_WITH_LEGACY_PRECISION_CAVEAT,static,12.6,231919,0,0,0,0,0.0,/srv/ai/research/iq3s-residency-20261004T230051Z/experiments/E004-replay/v1/32k-rate12p6/static.json
128k,v2,VALID_WITH_LEGACY_PRECISION_CAVEAT,future-capacity-free,,0,59397708800,,,,0.0,/srv/ai/research/iq3s-residency-20261004T230051Z/experiments/E004-replay/v2/128k-rate12p6/future-capacity-free.json
128k,v2,VALID_WITH_LEGACY_PRECISION_CAVEAT,future-feasible,12.6,77709,54707558400,54707558400,0,58513,3.3297281446249256,/srv/ai/research/iq3s-residency-20261004T230051Z/experiments/E004-replay/v2/128k-rate12p6/future-feasible.json
128k,v2,VALID_WITH_LEGACY_PRECISION_CAVEAT,markov,12.6,68899,5681587200,5562137600,119449600,14794,0.06792830463469046,/srv/ai/research/iq3s-residency-20261004T230051Z/experiments/E004-replay/v2/128k-rate12p6/markov.json
32k,v2,VALID_WITH_LEGACY_PRECISION_CAVEAT,future-capacity-free,,0,42114022400,,,,0.0,/srv/ai/research/iq3s-residency-20261004T230051Z/experiments/E004-replay/v2/32k-rate12p6/future-capacity-free.json
32k,v2,VALID_WITH_LEGACY_PRECISION_CAVEAT,future-feasible,12.6,63663,41153024000,41148672000,4352000,45173,2.3640672196293995,/srv/ai/research/iq3s-residency-20261004T230051Z/experiments/E004-replay/v2/32k-rate12p6/future-feasible.json
32k,v2,VALID_WITH_LEGACY_PRECISION_CAVEAT,markov,12.6,62165,4750899200,4671283200,79616000,11643,0.044496718856885664,/srv/ai/research/iq3s-residency-20261004T230051Z/experiments/E004-replay/v2/32k-rate12p6/markov.json
128k,v3,VALID_WITH_LEGACY_PRECISION_CAVEAT,future-nextuse,12.6,3,25479603200,25479603200,0,0,0.2883056639356209,/srv/ai/research/iq3s-residency-20261004T230051Z/experiments/E004-replay/v3/128k-rate12p6/future-nextuse.json
128k,v3,VALID_WITH_LEGACY_PRECISION_CAVEAT,jev-linear,12.6,51654,14116377600,12763852800,1352524800,25193,0.3842094367925939,/srv/ai/research/iq3s-residency-20261004T230051Z/experiments/E004-replay/v3/128k-rate12p6/jev-linear.json
128k,v3,VALID_WITH_LEGACY_PRECISION_CAVEAT,jev-mlp,12.6,65271,8979072000,8375628800,603443200,24903,0.13372605188837283,/srv/ai/research/iq3s-residency-20261004T230051Z/experiments/E004-replay/v3/128k-rate12p6/jev-mlp.json
128k,v3,VALID_WITH_LEGACY_PRECISION_CAVEAT,jev-temporal-mlp,12.6,58414,10565120000,9582924800,982195200,24643,0.20923590672941908,/srv/ai/research/iq3s-residency-20261004T230051Z/experiments/E004-replay/v3/128k-rate12p6/jev-temporal-mlp.json
32k,v3,VALID_WITH_LEGACY_PRECISION_CAVEAT,future-nextuse,12.6,4,18693555200,18693555200,0,0,0.19756938777706173,/srv/ai/research/iq3s-residency-20261004T230051Z/experiments/E004-replay/v3/32k-rate12p6/future-nextuse.json
32k,v3,VALID_WITH_LEGACY_PRECISION_CAVEAT,jev-linear,12.6,41151,11447705600,10489420800,958284800,17972,0.2436346533959013,/srv/ai/research/iq3s-residency-20261004T230051Z/experiments/E004-replay/v3/32k-rate12p6/jev-linear.json
32k,v3,VALID_WITH_LEGACY_PRECISION_CAVEAT,jev-mlp,12.6,55060,7283609600,6983424000,300185600,18872,0.09022344301546403,/srv/ai/research/iq3s-residency-20261004T230051Z/experiments/E004-replay/v3/32k-rate12p6/jev-mlp.json
32k,v3,VALID_WITH_LEGACY_PRECISION_CAVEAT,jev-temporal-mlp,12.6,48189,8510668800,7924736000,585932800,18400,0.1368562438724692,/srv/ai/research/iq3s-residency-20261004T230051Z/experiments/E004-replay/v3/32k-rate12p6/jev-temporal-mlp.json
32k,v4-sensitivity,INVALID_NUMERICAL_QUEUE,current,1.8,36777,10697139200,9966720000,730419200,14488,4.977443356443656,/srv/ai/research/iq3s-residency-20261004T230051Z/experiments/E004-replay/v4-sensitivity/32k-rate1p8/current.json
32k,v4-sensitivity,INVALID_NUMERICAL_QUEUE,frequency,1.8,31572,12042419200,10845875200,1196544000,16723,5.716234166999156,/srv/ai/research/iq3s-residency-20261004T230051Z/experiments/E004-replay/v4-sensitivity/32k-rate1p8/frequency.json
128k,v5-sensitivity,VALID,current,0.5,45276,14373222400,13029580800,1343641600,21323,27.637574299993425,/srv/ai/research/iq3s-residency-20261004T230051Z/experiments/E004-replay/v5-sensitivity/128k-rate0p5/current.json
128k,v5-sensitivity,VALID,frequency,0.5,42179,13233484800,11864729600,1368755200,22583,25.36004645299494,/srv/ai/research/iq3s-residency-20261004T230051Z/experiments/E004-replay/v5-sensitivity/128k-rate0p5/frequency.json
128k,v5-sensitivity,VALID,future-nextuse,0.5,3,25479603200,25479603200,0,0,47.17402388400443,/srv/ai/research/iq3s-residency-20261004T230051Z/experiments/E004-replay/v5-sensitivity/128k-rate0p5/future-nextuse.json
128k,v5-sensitivity,VALID,current,1.8,45276,14373222400,13029580800,1343641600,21323,6.88820989077662,/srv/ai/research/iq3s-residency-20261004T230051Z/experiments/E004-replay/v5-sensitivity/128k-rate1p8/current.json
128k,v5-sensitivity,VALID,frequency,1.8,42179,13233484800,11864729600,1368755200,22583,6.278087554109819,/srv/ai/research/iq3s-residency-20261004T230051Z/experiments/E004-replay/v5-sensitivity/128k-rate1p8/frequency.json
128k,v5-sensitivity,VALID,future-nextuse,1.8,3,25479603200,25479603200,0,0,10.6600054636641,/srv/ai/research/iq3s-residency-20261004T230051Z/experiments/E004-replay/v5-sensitivity/128k-rate1p8/future-nextuse.json
32k,v5-sensitivity,VALID,current,0.5,36776,10697139200,9966720000,730419200,14487,20.408000855996264,/srv/ai/research/iq3s-residency-20261004T230051Z/experiments/E004-replay/v5-sensitivity/32k-rate0p5/current.json
32k,v5-sensitivity,VALID,frequency,0.5,31572,12042419200,10845875200,1196544000,16723,23.09436842699625,/srv/ai/research/iq3s-residency-20261004T230051Z/experiments/E004-replay/v5-sensitivity/32k-rate0p5/frequency.json
32k,v5-sensitivity,VALID,future-nextuse,0.5,4,18693555200,18693555200,0,0,34.065002983991114,/srv/ai/research/iq3s-residency-20261004T230051Z/experiments/E004-replay/v5-sensitivity/32k-rate0p5/future-nextuse.json
32k,v5-sensitivity,VALID,current,1.8,36776,10697139200,9966720000,730419200,14487,4.977443356443656,/srv/ai/research/iq3s-residency-20261004T230051Z/experiments/E004-replay/v5-sensitivity/32k-rate1p8/current.json
32k,v5-sensitivity,VALID,frequency,1.8,31572,12042419200,10845875200,1196544000,16723,5.716234166999156,/srv/ai/research/iq3s-residency-20261004T230051Z/experiments/E004-replay/v5-sensitivity/32k-rate1p8/frequency.json
32k,v5-sensitivity,VALID,future-nextuse,1.8,4,18693555200,18693555200,0,0,7.368192124665114,/srv/ai/research/iq3s-residency-20261004T230051Z/experiments/E004-replay/v5-sensitivity/32k-rate1p8/future-nextuse.json
