role,profile,run,state,actual_input_tokens,actual_output_tokens,PP,TG,TTFT_s,wall_s,mtp_acceptance_pct,mtp_accepted_per_window,hit_rate_pct,cpu_fallback_entries,offloaded_entries,path
reference,32k,1,VALID,28378,4096,3545.3,167.8,8.142602613021154,32.53967032802757,84.85217921365437,2.1219512195121952,98.4,34493,1162,/srv/ai/research/iq3s-residency-20261004T230051Z/experiments/E010-compatible-runtime/v1/32k/raw/run1.json
reference,32k,2,VALID,28379,4096,4745.3,136.7,6.115304920007475,36.0875382850063,84.3692870201097,2.085090361445783,98.9,23869,540,/srv/ai/research/iq3s-residency-20261004T230051Z/experiments/E010-compatible-runtime/v1/32k/raw/run2.json
reference,32k,3,VALID,28381,4096,4754.9,150.2,6.107783930026926,33.361821244005114,86.18159584225008,2.2057902973395933,98.9,23277,336,/srv/ai/research/iq3s-residency-20261004T230051Z/experiments/E010-compatible-runtime/v1/32k/raw/run3.json
candidate,32k,1,VALID,28378,4096,3521.2,179.7,8.181370390986558,30.95162894402165,90.15772870662461,2.3029814665592263,98.3,35552,1224,/srv/ai/research/iq3s-residency-20261004T230051Z/experiments/E014-policy-off-guard/v1/32k/raw/run1.json
candidate,32k,2,VALID,28379,4096,4759.9,169.2,6.105548944033217,30.29641301301308,86.12132352941177,2.184149184149184,98.8,27006,539,/srv/ai/research/iq3s-residency-20261004T230051Z/experiments/E014-policy-off-guard/v1/32k/raw/run2.json
candidate,32k,3,VALID,28381,4096,4759.9,174.5,6.093810398946516,29.552210228983313,85.76250383553237,2.1466973886328726,98.8,26184,489,/srv/ai/research/iq3s-residency-20261004T230051Z/experiments/E014-policy-off-guard/v1/32k/raw/run3.json
reference,128k,1,VALID,126715,4096,4294.5,158.5,29.8793004140025,55.70835801400244,79.18737211341713,1.9531362653208364,98.2,41085,1637,/srv/ai/research/iq3s-residency-20261004T230051Z/experiments/E010-compatible-runtime/v1/128k/raw/run1.json
reference,128k,2,VALID,126716,4096,6040.9,155.8,21.255490574985743,47.52851036499487,77.13300775639185,1.900212314225053,98.4,37720,1078,/srv/ai/research/iq3s-residency-20261004T230051Z/experiments/E010-compatible-runtime/v1/128k/raw/run2.json
reference,128k,3,VALID,126719,4096,5994.7,157.8,21.401281302969437,47.33914282399928,79.39020815010261,1.9482014388489208,98.5,34170,921,/srv/ai/research/iq3s-residency-20261004T230051Z/experiments/E010-compatible-runtime/v1/128k/raw/run3.json
candidate,128k,1,VALID,126715,4096,3993.8,122.0,32.21339357900433,65.7825856229756,76.77587706581618,1.8274672187715666,98.1,43557,1719,/srv/ai/research/iq3s-residency-20261004T230051Z/experiments/E014-policy-off-guard/v1/128k/raw/run1.json
candidate,128k,2,VALID,126716,4096,5974.8,139.2,21.700001657998655,51.10635274701053,77.85507246376811,1.9049645390070922,98.6,32207,786,/srv/ai/research/iq3s-residency-20261004T230051Z/experiments/E014-policy-off-guard/v1/128k/raw/run2.json
candidate,128k,3,VALID,126719,4096,6000.5,141.9,21.654586111020762,50.51273046701681,79.54016298020954,2.005135730007337,98.1,42738,1335,/srv/ai/research/iq3s-residency-20261004T230051Z/experiments/E014-policy-off-guard/v1/128k/raw/run3.json
