episode,policy,rate_GB_s,opportunity_points,admissions,warm_admissions,no_slot,no_heat_guard_or_slot,warm_true_nonlocal_entries,covered_nonlocal_entries_before_host_deadline,warm_tail_coverage_pct,promotion_bytes,restore_bytes,warm_useful_promotion_bytes,warm_not_useful_in_target_bytes,modeled_restore_wait_s,recorded_GPU_score_us_sum_selected
dev-code,rank-first,1.8,320,138,136,27,0,131,16,12.213740458015268,272640000,313036800,23526400,245427200,0.100873817,1842.1759940683842
dev-code,rank-first,12.6,320,138,136,27,0,131,22,16.793893129770993,272640000,313036800,29977600,238976000,0.0,1842.1759940683842
dev-code,heat-guarded,1.8,320,4,4,0,161,131,4,3.053435114503817,7270400,8857600,4940800,2329600,0.0,53.247999399900436
dev-code,heat-guarded,12.6,320,4,4,0,161,131,4,3.053435114503817,7270400,8857600,4940800,2329600,0.0,53.247999399900436
dev-math,rank-first,1.8,320,176,176,44,0,149,7,4.697986577181208,349849600,399718400,6860800,342988800,0.266632363,2355.19998986274
dev-math,rank-first,12.6,320,176,176,44,0,149,16,10.738255033557047,349849600,399718400,14745600,335104000,0.0,2355.19998986274
dev-math,heat-guarded,1.8,320,3,3,0,217,149,4,2.684563758389262,6016000,6835200,2329600,3686400,0.0,40.95999989658594
dev-math,heat-guarded,12.6,320,3,3,0,217,149,4,2.684563758389262,6016000,6835200,2329600,3686400,0.0,40.95999989658594
cal-prose,rank-first,1.8,320,211,211,55,0,546,5,0.9157509157509157,409164800,446643200,6835200,402329600,17.73147302,2821.1199985817075
cal-prose,rank-first,12.6,320,211,211,55,0,546,75,13.736263736263735,409164800,446643200,92697600,316467200,0.0,2821.1199985817075
cal-prose,heat-guarded,1.8,320,50,50,0,216,546,5,0.9157509157509157,94412800,105062400,6835200,87577600,2.830178757,668.6719991266727
cal-prose,heat-guarded,12.6,320,50,50,0,216,546,46,8.424908424908425,94412800,105062400,50483200,43929600,0.0,668.6719991266727
hold-code,rank-first,1.8,320,181,181,28,0,180,24,13.333333333333334,347008000,393139200,31667200,315340800,0.360989182,2407.4239982292056
hold-code,rank-first,12.6,320,181,181,28,0,180,32,17.77777777777778,347008000,393139200,42342400,304665600,0.0,2407.4239982292056
hold-code,heat-guarded,1.8,320,7,7,0,202,180,15,8.333333333333334,16153600,16153600,16153600,0,0.0,97.27999940514565
hold-code,heat-guarded,12.6,320,7,7,0,202,180,15,8.333333333333334,16153600,16153600,16153600,0,0.0,97.27999940514565
hold-structured,rank-first,1.8,320,204,204,43,0,246,11,4.471544715447155,395980800,432332800,16435200,379545600,1.017346726,2728.959989733994
hold-structured,rank-first,12.6,320,204,204,43,0,246,24,9.75609756097561,395980800,432332800,36940800,359040000,0.0,2728.959989733994
hold-structured,heat-guarded,1.8,320,6,6,0,241,246,0,0.0,13004800,13465600,0,13004800,0.062898722,80.89599944651127
hold-structured,heat-guarded,12.6,320,6,6,0,241,246,3,1.2195121951219512,13004800,13465600,2329600,10675200,0.0,80.89599944651127
hold-math,rank-first,1.8,320,206,206,50,0,246,5,2.032520325203252,398284800,435609600,4044800,394240000,4.738953918,2751.487989909947
hold-math,rank-first,12.6,320,206,206,50,0,246,28,11.382113821138212,398284800,435609600,35609600,362675200,0.0,2751.487989909947
hold-math,heat-guarded,1.8,320,19,19,0,237,246,2,0.8130081300813008,34329600,39296000,1715200,32614400,0.671749894,255.9999991208315
hold-math,heat-guarded,12.6,320,19,19,0,237,246,19,7.723577235772358,34329600,39296000,27468800,6860800,0.0,255.9999991208315
32k,rank-first,1.8,320,100,98,15,0,73,5,6.8493150684931505,208230400,229580800,11033600,192691200,0.035444146,1339.391996152699
32k,rank-first,12.6,320,100,98,15,0,73,7,9.58904109589041,208230400,229580800,14464000,189260800,0.0,1339.391996152699
32k,heat-guarded,1.8,320,0,0,0,115,73,0,0.0,0,0,0,0,0.0,0
32k,heat-guarded,12.6,320,0,0,0,115,73,0,0.0,0,0,0,0,0.0,0
128k,rank-first,1.8,320,107,105,22,0,102,9,8.823529411764707,216499200,244352000,12262400,200550400,0.499639708,1443.8400007784367
128k,rank-first,12.6,320,107,105,22,0,102,12,11.764705882352942,216499200,244352000,16793600,196019200,0.0,1443.8400007784367
128k,heat-guarded,1.8,320,3,3,0,126,102,2,1.9607843137254901,4531200,6528000,1510400,3020800,0.007553089,39.93599954992533
128k,heat-guarded,12.6,320,3,3,0,126,102,3,2.9411764705882355,4531200,6528000,3020800,1510400,0.0,39.93599954992533
