group,run,pp_tps,tg_tps,ttft_s,draft_tokens,accepted_tokens,acceptance_pct,mean_accepted_length,verify_rounds,decode_wall_s
old_v0131,1,4627.4,129.9,6.864471299002616,219,161,73.51598173515981,1.694736842105263,95,1.9703
old_v0131,2,4653.0,131.2,6.826116468000691,218,158,72.4770642201835,1.6122448979591837,98,1.9516
old_v0131,3,4652.5,132.3,6.829043997000554,222,164,73.87387387387388,1.7263157894736842,95,1.9350999999999998
old_v0131,median,4652.5,131.2,6.829043997000554,219,161,73.51598173515981,1.694736842105263,95,1.9516
new_v0138_original,1,4597.4,96.1,6.976697709003929,210,156,74.28571428571429,1.5445544554455446,101,2.6634
new_v0138_original,2,4591.7,101.8,6.994112626009155,203,156,76.84729064039409,1.5145631067961165,103,2.5139
new_v0138_original,3,4661.9,137.9,6.814167370990617,226,164,72.56637168141593,1.7263157894736842,95,1.8565999999999998
new_v0138_original,median,4597.4,101.8,6.976697709003929,210,156,74.28571428571429,1.5445544554455446,101,2.5139
new_v0138_exact_replay,1,4472.8,111.7,7.180036583013134,217,162,74.65437788018433,1.7234042553191489,94,2.2916
new_v0138_exact_replay,2,4587.7,147.5,6.998699923977256,206,199,96.60194174757281,3.4310344827586206,58,1.7354
new_v0138_exact_replay,3,4580.4,131.7,7.009286214015447,224,158,70.53571428571429,1.58,100,1.9437
new_v0138_exact_replay,median,4580.4,131.7,7.009286214015447,217,162,74.65437788018433,1.7234042553191489,94,1.9437
