task,block,current_decode_s,full_decode_s,learned_decode_s,full_time_saving_s,learned_time_saving_s,learned_decode_change_pct,full_decode_change_pct,learned_TG_change_pct,full_TG_change_pct,learned_wall_change_pct,full_wall_change_pct,retention,retention_unstable,full_reference_benefit
code-archive,1,21.170099999999998,18.4,21.750400000000003,2.7700999999999993,-0.5803000000000047,2.741130178884399,-13.084964171165936,-2.667996910401671,15.054891304347828,1.8652458047978326,-8.858651969514764,-0.20948702212916676,False,True
code-archive,2,21.0835,16.957,21.685,4.1265,-0.6014999999999979,2.852941873977266,-19.57217729504115,-2.773806778879395,24.33508285663737,2.1067507193371915,-14.607312226462755,-0.14576517629952693,False,True
code-archive,3,20.9629,18.439400000000003,19.480900000000002,2.5234999999999985,1.4819999999999993,-7.069632541299153,-12.037933682839675,7.607451401115961,13.685369372105383,-4.902775049777041,-7.8089776829952555,0.587279572022984,False,True
math-inventory,1,18.57,17.735599999999998,21.1486,0.8344000000000023,-2.578599999999998,13.885837372105536,-4.4932687129779385,-12.192769261322256,4.7046618101445725,14.317571892308623,-2.5389012374492093,-3.0903643336529134,False,True
math-inventory,2,20.8783,17.7323,21.1512,3.146000000000001,-0.2728999999999999,1.307098758040648,-15.068276631718103,-1.2902341238322124,17.741635320855174,1.1344709034668776,-13.808420851997116,-0.08674507310870942,False,True
math-inventory,3,21.0308,17.7907,20.534299999999998,3.240099999999998,0.49650000000000105,-2.360823173631066,-15.406451490195327,2.417905650545671,18.212324416689608,-2.1422446015987084,-14.095112352246296,0.15323601123422156,False,True
text-websocket,1,18.349,15.853,19.135099999999998,2.4960000000000004,-0.7860999999999976,4.284157174777903,-13.602921140116631,-4.108157260740719,15.744654008704973,1.8526075300575373,-6.175277140674728,-0.3149439102564092,False,True
text-websocket,2,15.9934,16.020799999999998,19.239,-0.027399999999998315,-3.2456000000000014,20.293371015543915,0.1713206697762759,-16.869899682935706,-0.17102766403673808,10.693928623229109,2.222761663052797,,True,False
text-websocket,3,18.9988,14.5907,19.0388,4.408099999999999,-0.03999999999999915,0.21053961302819335,-23.201991704739243,-0.21009727503833453,30.211710198962336,-0.24526121224478503,-13.221355816490998,-0.009074204305709752,False,True
mixed-chinook,1,19.408,16.585,16.4102,2.8230000000000004,2.9978000000000016,-15.446207749381703,-14.545548227535043,18.26790654592876,17.021404883931268,-13.588070590050183,-11.494648947478424,1.0619199433227067,False,True
mixed-chinook,2,19.5965,16.7201,19.7825,2.8764000000000003,-0.18599999999999994,0.9491490827443716,-14.678131298956455,-0.9402249462909129,17.20324639206703,0.7164374130100182,-11.568801512297933,-0.0646641635377555,False,True
mixed-chinook,3,19.9217,16.618599999999997,19.6158,3.303100000000004,0.30590000000000117,-1.535511527630684,-16.580412314210157,1.5594571722794992,19.875922159508043,-1.1586156937263392,-12.959894213084944,0.09260997245012285,False,True
