config,actual_prompt,valid_runs,three_run_headline_complete,statistic_basis,raw_paths,pp_tps,pp_tps_min,pp_tps_max,tg_tps,tg_tps_min,tg_tps_max,ttft_s,acceptance_pct,mean_accepted_length,verify_windows,committed_tokens_per_window,mean_verify_window_latency_ms,suffix_accepted,helper_entries,helper_returned_bytes,helper_returned_bytes_per_generated_token,helper_returned_bytes_per_layer_launch,helper_wait_ms,primary_hits_per_layer_window,pcie_experts_per_layer_window,cpu_fallback_entries_estimate,cache_overlap,decode_cpu_system_pct,decode_cpu_process_pct,gpu0_decode_util_pct,gpu1_decode_util_pct,gpu0_decode_power_w,gpu1_decode_power_w,gpu0_decode_pcie_rx_MBps,gpu0_decode_pcie_tx_MBps,gpu1_decode_pcie_rx_MBps,gpu1_decode_pcie_tx_MBps,peak_rss_gib,peak_ram_used_gib,peak_vram0_gib,peak_vram1_gib,draft_tokens,accepted_tokens,reported_expert_hit_rate,reported_primary_cache_hits,reported_primary_cache_lookups,reported_primary_cache_nonhits,logical_expert_file_blobs,logical_expert_file_MB,initial_primary_slot_capacity,initial_helper_slot_capacity,selected_layer_split_K
H-OLD,31400,3,True,median_of_3_valid_runs,"['/srv/ai/benchmarks/strata-qwen38/pr578-dual4090/raw/H-OLD-32K-run1.json', '/srv/ai/benchmarks/strata-qwen38/pr578-dual4090/raw/H-OLD-32K-run2.json', '/srv/ai/benchmarks/strata-qwen38/pr578-dual4090/raw/H-OLD-32K-run3.json']",2397.6,2046.9,2398.6,98.9,98.1,103.4,13.180804591014748,76.38888888888889,1.7934782608695652,92,2.78,28.37,0,7704,78852915.2,308019.2,25726.889135399673,119.0,29.28,0.72,5034.24,,95.05,1516.0,94.0,9.0,226.21499999999997,76.52666666666667,3256.6666666666665,524.6666666666666,42.333333333333336,110.33333333333333,53.75621032714844,57.92859649658203,23.3125,23.34375,216,165,0.963,132215,137229,5014,0,0.0,8586,11796,
H-OLD-DIAG,31400,3,False,median_of_3_valid_runs,"['/srv/ai/benchmarks/strata-qwen38/pr578-dual4090/raw/H-OLD-DIAG-32K-run1.json', '/srv/ai/benchmarks/strata-qwen38/pr578-dual4090/raw/H-OLD-DIAG-32K-run2.json', '/srv/ai/benchmarks/strata-qwen38/pr578-dual4090/raw/H-OLD-DIAG-32K-run3.json']",2400.2,2026.6,2401.6,103.5,89.0,105.5,13.162133655016078,75.23809523809524,1.5643564356435644,101,2.53,24.49,0,6240,63858278.4,249446.4,22987.141252699785,99.0,28.64,0.51,4406.4,1984,84.06666666666666,1330.0333333333333,67.5,8.75,228.09,79.06,3476.3333333333335,404.8,33.333333333333336,84.0,53.762657165527344,57.94416046142578,23.3125,23.34375,214,158,0.97,137230,141276,4388,0,0.0,8586,11796,
H-OLD-FAIR64,31400,3,True,median_of_3_valid_runs,"['/srv/ai/benchmarks/strata-qwen38/pr578-dual4090/raw/H-OLD-FAIR64-32K-run1.json', '/srv/ai/benchmarks/strata-qwen38/pr578-dual4090/raw/H-OLD-FAIR64-32K-run2.json', '/srv/ai/benchmarks/strata-qwen38/pr578-dual4090/raw/H-OLD-FAIR64-32K-run3.json']",2399.9,2044.8,2400.0,101.1,90.3,104.8,13.173673078999855,75.23809523809524,1.5643564356435644,101,2.53,24.83,0,6240,63858278.4,249446.4,22987.141252699785,103.0,28.64,0.51,4406.4,,95.19999999999999,1514.4499999999998,94.5,10.5,233.47500000000002,78.11,2656.25,176.5,43.0,26.0,53.75529479980469,57.96028518676758,23.3125,23.34375,214,158,0.97,137230,141276,4388,0,0.0,8586,11796,
H-OLD-FAIR64-LOOKUP-ON,31400,3,True,median_of_3_valid_runs,"['/srv/ai/benchmarks/strata-qwen38/pr578-dual4090/raw/H-OLD-FAIR64-LOOKUP-ON-32K-run1.json', '/srv/ai/benchmarks/strata-qwen38/pr578-dual4090/raw/H-OLD-FAIR64-LOOKUP-ON-32K-run2.json', '/srv/ai/benchmarks/strata-qwen38/pr578-dual4090/raw/H-OLD-FAIR64-LOOKUP-ON-32K-run3.json']",2399.1,2037.4,2401.0,98.8,90.1,110.2,13.17666445299983,75.0,1.6391752577319587,97,2.64,29.29,35,7252,74239180.8,289996.8,27993.657918552035,103.0,29.22,0.79,4474.5599999999995,,94.44999999999999,1503.35,90.33333333333333,8.0,211.47500000000002,78.27000000000001,4839.333333333333,362.0,30.75,119.0,53.77653884887695,57.92910385131836,23.345703125,23.34375,212,160,0.966,130957,135222,4476,0,0.0,8586,11796,
H-OLD-FAIR64-RETRY1,31400,3,True,median_of_3_valid_runs,"['/srv/ai/benchmarks/strata-qwen38/pr578-dual4090/raw/H-OLD-FAIR64-RETRY1-32K-run1.json', '/srv/ai/benchmarks/strata-qwen38/pr578-dual4090/raw/H-OLD-FAIR64-RETRY1-32K-run2.json', '/srv/ai/benchmarks/strata-qwen38/pr578-dual4090/raw/H-OLD-FAIR64-RETRY1-32K-run3.json']",2399.7,2050.9,2399.9,103.7,87.8,104.0,13.173821750999196,75.23809523809524,1.5643564356435644,101,2.53,24.44,0,6240,63858278.4,249446.4,22987.141252699785,93.0,28.64,0.51,4406.4,,94.75,1508.35,91.66666666666667,10.0,217.15,78.68,2344.3333333333335,391.3333333333333,40.75,84.0,53.7544059753418,57.9448356628418,23.3125,23.34375,214,158,0.97,137230,141276,4388,0,0.0,8586,11796,
H-OLD-STEADY2048,31400,3,True,median_of_3_valid_runs,"['/srv/ai/benchmarks/strata-qwen38/pr578-dual4090/raw/H-OLD-STEADY2048-steady-run1.json', '/srv/ai/benchmarks/strata-qwen38/pr578-dual4090/raw/H-OLD-STEADY2048-steady-run2.json', '/srv/ai/benchmarks/strata-qwen38/pr578-dual4090/raw/H-OLD-STEADY2048-steady-run3.json']",2427.1,2315.9,2431.5,76.0,73.9,80.5,13.128873709007166,81.89024390243902,1.9049645390070922,705,2.9,37.47,0,71422,731381760.0,357120.0,30306.29262835122,642.0,27.5,1.36,75124.8,,99.43076923076923,1578.1192307692309,94.96153846153847,11.153846153846153,202.40857142857143,80.23884615384615,4803.72,567.3076923076923,44.44,128.16666666666666,53.53717803955078,57.70383834838867,23.3125,23.34375,1667,1343,0.925,931903,1009445,75040,0,0.0,8586,11796,
H-OPT,31400,3,True,median_of_3_valid_runs,"['/srv/ai/benchmarks/strata-qwen38/pr578-dual4090/raw/H-OPT-32K-run1.json', '/srv/ai/benchmarks/strata-qwen38/pr578-dual4090/raw/H-OPT-32K-run2.json', '/srv/ai/benchmarks/strata-qwen38/pr578-dual4090/raw/H-OPT-32K-run3.json']",2388.9,2070.6,2399.9,95.7,94.3,101.1,13.226780686993152,76.05633802816901,1.6666666666666667,96,2.67,27.15,0,19014,146695782.4,573030.4,33753.44887502785,88.0,26.5,1.17,368.64,,66.3,1052.3,88.0,5.0,205.11,79.57499999999999,3501.6666666666665,296.6666666666667,87.33333333333333,56.333333333333336,53.74490737915039,57.88908004760742,23.314453125,23.34375,213,160,0.997,122535,123281,363,0,0.0,8586,11796,
H-OPT-DIAG,31400,2,False,median_of_2_valid_runs,"['/srv/ai/benchmarks/strata-qwen38/pr578-dual4090/raw/H-OPT-DIAG-32K-run1.json', '/srv/ai/benchmarks/strata-qwen38/pr578-dual4090/raw/H-OPT-DIAG-32K-run3.json']",2185.2,1995.2,2375.2,91.05,87.0,95.1,14.629131697496632,77.41606873948092,1.7547619047619047,94.0,2.7249999999999996,30.07,0.0,18914.0,146171494.4,570982.4,34588.94172226949,106.5,27.18,1.185,645.6,0.0,64.57666666666665,1018.8533333333334,79.26666666666667,4.333333333333334,200.69233333333335,75.342,2856.125,249.125,61.75,35.25,53.75272560119629,57.942914962768555,23.314453125,23.34375,212.5,164.5,0.9944999999999999,122478.5,123144.0,665.5,0.0,0.0,8586.0,11796.0,
H-OPT-FAIR64,31400,2,False,median_of_2_valid_runs,"['/srv/ai/benchmarks/strata-qwen38/pr578-dual4090/raw/H-OPT-FAIR64-32K-run1.json', '/srv/ai/benchmarks/strata-qwen38/pr578-dual4090/raw/H-OPT-FAIR64-32K-run3.json']",2219.15,2039.2,2399.1,95.9,94.6,97.2,14.323873866000213,77.41606873948092,1.7547619047619047,94.0,2.7249999999999996,28.445,0.0,18914.0,146171494.4,570982.4,34588.94172226949,117.5,27.18,1.185,645.6,,76.54166666666667,1215.45,92.83333333333334,6.166666666666666,209.98,80.42666666666668,3925.5,597.0,134.83333333333334,65.5,53.757102966308594,58.39292335510254,23.314453125,23.34375,212.5,164.5,0.9944999999999999,122478.5,123144.0,665.5,0.0,0.0,8586.0,11796.0,
H-OPT-FAIR64-RETRY1,31400,2,False,median_of_2_valid_runs,"['/srv/ai/benchmarks/strata-qwen38/pr578-dual4090/raw/H-OPT-FAIR64-RETRY1-32K-run1.json', '/srv/ai/benchmarks/strata-qwen38/pr578-dual4090/raw/H-OPT-FAIR64-RETRY1-32K-run3.json']",2197.6,1995.2,2400.0,86.69999999999999,79.3,94.1,14.537874823014135,77.41606873948092,1.7547619047619047,94.0,2.7249999999999996,31.82,0.0,18914.0,146171494.4,570982.4,34588.94172226949,102.5,27.18,1.185,645.6,,72.9,1154.5375,92.875,4.75,202.95625,77.29625,2719.0,338.16666666666663,135.33333333333331,42.20833333333333,53.74782371520996,58.18676567077637,23.314453125,23.34375,212.5,164.5,0.9944999999999999,122478.5,123144.0,665.5,0.0,0.0,8586.0,11796.0,
H-OPT-FINAL,31400,3,True,median_of_3_valid_runs,"['/srv/ai/benchmarks/strata-qwen38/pr578-dual4090/raw/H-OPT-FINAL-32K-run1.json', '/srv/ai/benchmarks/strata-qwen38/pr578-dual4090/raw/H-OPT-FINAL-32K-run2.json', '/srv/ai/benchmarks/strata-qwen38/pr578-dual4090/raw/H-OPT-FINAL-32K-run3.json']",2400.7,2301.5,2401.3,95.4,92.2,100.3,13.16078087297501,77.51196172248804,1.7234042553191489,94,2.72,27.49,0,18784,144074342.4,562790.4,34129.487323943664,107.0,26.83,1.19,484.80000000000007,,77.65,1236.4499999999998,89.5,6.0,217.935,79.51333333333334,3218.6666666666665,536.75,47.666666666666664,53.0,53.758209228515625,57.96175003051758,23.314453125,23.34375,209,162,0.996,121202,121914,475,0,0.0,8586,11796,
H-OPT-FINAL,63400,3,True,median_of_3_valid_runs,"['/srv/ai/benchmarks/strata-qwen38/pr578-dual4090/raw/H-OPT-FINAL-64K-run1.json', '/srv/ai/benchmarks/strata-qwen38/pr578-dual4090/raw/H-OPT-FINAL-64K-run2.json', '/srv/ai/benchmarks/strata-qwen38/pr578-dual4090/raw/H-OPT-FINAL-64K-run3.json']",2408.6,2408.3,2410.1,84.1,78.7,84.9,26.461129231000086,70.96774193548387,1.5098039215686274,102,2.51,29.85,0,27724,153930956.8,601292.8,31478.54929006085,132.0,22.72,1.46,293.76,,53.666666666666664,850.7333333333333,93.33333333333333,5.333333333333333,208.18,67.39666666666666,4774.666666666667,581.3333333333334,52.5,53.5,53.98585891723633,58.18102264404297,23.314453125,23.34375,214,154,0.998,117797,118476,289,0,0.0,8586,11796,
H-OPT-FINAL,127000,3,True,median_of_3_valid_runs,"['/srv/ai/benchmarks/strata-qwen38/pr578-dual4090/raw/H-OPT-FINAL-128K-run1.json', '/srv/ai/benchmarks/strata-qwen38/pr578-dual4090/raw/H-OPT-FINAL-128K-run2.json', '/srv/ai/benchmarks/strata-qwen38/pr578-dual4090/raw/H-OPT-FINAL-128K-run3.json']",2358.2,2357.0,2360.7,82.4,81.7,84.2,54.10595564200776,74.17840375586854,1.5445544554455446,101,2.53,31.03,0,22147,150051225.6,586137.6,33381.8076974416,123.0,25.6,1.39,484.80000000000007,,77.23333333333333,1226.8,91.0,6.666666666666667,210.73666666666668,70.80333333333334,4410.0,530.5,56.25,68.25,54.21843338012695,58.51789855957031,23.314453125,23.34375,213,157,0.996,121828,122676,477,0,0.0,8586,11796,
H-OPT-FINAL,259500,3,True,median_of_3_valid_runs,"['/srv/ai/benchmarks/strata-qwen38/pr578-dual4090/raw/H-OPT-FINAL-256K-run1.json', '/srv/ai/benchmarks/strata-qwen38/pr578-dual4090/raw/H-OPT-FINAL-256K-run2.json', '/srv/ai/benchmarks/strata-qwen38/pr578-dual4090/raw/H-OPT-FINAL-256K-run3.json']",2281.9,2281.9,2286.1,76.2,73.7,84.0,114.2134076920047,73.30316742081448,1.6875,96,2.67,34.98,0,25567,153826099.2,600883.2,34546.01762469247,141.0,25.6,1.65,368.64,,64.83333333333333,1028.7,95.0,5.0,203.76,71.18666666666667,4381.75,535.6666666666666,41.5,44.333333333333336,54.25347900390625,58.555110931396484,23.314453125,23.34375,214,162,0.997,117967,118342,375,0,0.0,8586,11796,
H-OPT-FIXED,31400,3,True,median_of_3_valid_runs,"['/srv/ai/benchmarks/strata-qwen38/pr578-dual4090/raw/H-OPT-FIXED-32K-run1.json', '/srv/ai/benchmarks/strata-qwen38/pr578-dual4090/raw/H-OPT-FIXED-32K-run2.json', '/srv/ai/benchmarks/strata-qwen38/pr578-dual4090/raw/H-OPT-FIXED-32K-run3.json']",2399.0,2052.0,2399.5,93.0,92.3,103.3,13.175922700000228,76.05633802816901,1.6666666666666667,96,2.67,27.75,0,19014,146695782.4,573030.4,33753.44887502785,123.0,26.5,1.17,368.64,,65.95,1048.45,87.5,5.666666666666667,223.215,79.57,3783.6666666666665,472.6666666666667,54.333333333333336,40.666666666666664,53.74995803833008,57.892784118652344,23.314453125,23.34375,213,160,0.997,122535,123281,363,0,0.0,8586,11796,
H-OPT-FIXED-LOOKUP-ON,31400,3,True,median_of_3_valid_runs,"['/srv/ai/benchmarks/strata-qwen38/pr578-dual4090/raw/H-OPT-FIXED-LOOKUP-ON-32K-run1.json', '/srv/ai/benchmarks/strata-qwen38/pr578-dual4090/raw/H-OPT-FIXED-LOOKUP-ON-32K-run2.json', '/srv/ai/benchmarks/strata-qwen38/pr578-dual4090/raw/H-OPT-FIXED-LOOKUP-ON-32K-run3.json']",2380.1,2271.1,2383.8,84.1,82.5,98.0,13.343429954984458,71.875,1.6597938144329898,97,2.64,31.36,39,20948,152987238.4,597606.4,35405.51687109465,96.0,27.26,1.31,756.0,,69.56666666666666,1103.0333333333333,93.33333333333333,5.0,209.9075,79.77,4137.5,428.0,55.0,40.666666666666664,53.78934097290039,57.94455337524414,23.365234375,23.34375,224,161,0.994,126943,127347,767,0,0.0,8586,11796,
H-OPT-LOOKUP-ON,31400,3,False,median_of_3_valid_runs,"['/srv/ai/benchmarks/strata-qwen38/pr578-dual4090/raw/H-OPT-LOOKUP-ON-32K-run1.json', '/srv/ai/benchmarks/strata-qwen38/pr578-dual4090/raw/H-OPT-LOOKUP-ON-32K-run2.json', '/srv/ai/benchmarks/strata-qwen38/pr578-dual4090/raw/H-OPT-LOOKUP-ON-32K-run3.json']",2404.3,2007.6,2404.4,94.5,91.5,99.7,13.146096273994772,76.27906976744185,1.7263157894736842,95,2.69,28.56,41,20963,148163788.8,578764.8,35215.69409080538,113.0,27.32,1.25,775.2,,74.95,1189.15,91.0,6.0,204.875,81.025,4656.5,578.5,53.75,64.25,53.787506103515625,57.97597122192383,23.361328125,23.34375,215,164,0.994,124548,125320,772,0,0.0,8583,11797,
H-OPT-STEADY2048,31400,3,True,median_of_3_valid_runs,"['/srv/ai/benchmarks/strata-qwen38/pr578-dual4090/raw/H-OPT-STEADY2048-steady-run1.json', '/srv/ai/benchmarks/strata-qwen38/pr578-dual4090/raw/H-OPT-STEADY2048-steady-run2.json', '/srv/ai/benchmarks/strata-qwen38/pr578-dual4090/raw/H-OPT-STEADY2048-steady-run3.json']",2436.0,2044.0,2439.3,75.3,74.6,78.4,12.974921392014949,82.6946847960445,1.884507042253521,710,2.88,36.8,0,262624,1113273139.2,543590.4,34594.12426298184,1121.0,22.22,2.52,3748.7999999999997,,77.86296296296297,1234.5185185185185,96.88888888888889,5.2592592592592595,203.69962962962964,81.49074074074073,7548.48,904.28,176.56,56.04,53.5352897644043,57.763126373291016,23.314453125,23.34375,1640,1338,0.995,757232,760854,3622,0,0.0,8586,11796,
H-PRIORITY,31400,3,True,median_of_3_valid_runs,"['/srv/ai/benchmarks/strata-qwen38/pr578-dual4090/raw/H-PRIORITY-32K-run1.json', '/srv/ai/benchmarks/strata-qwen38/pr578-dual4090/raw/H-PRIORITY-32K-run2.json', '/srv/ai/benchmarks/strata-qwen38/pr578-dual4090/raw/H-PRIORITY-32K-run3.json']",2386.6,2297.9,2389.0,119.2,112.8,136.1,13.306603680015542,70.09345794392523,1.595959595959596,99,2.59,20.66,0,25143,151204659.2,590643.2,35204.53429464071,95.0,27.56,0.01,855.36,,73.75,1170.75,86.0,7.5,233.465,81.83500000000001,88.5,75.5,34.0,51.333333333333336,53.75373840332031,57.91455078125,23.314453125,23.34375,215,158,0.994,129226,129810,835,0,0.0,8586,11796,
H-PRIORITY-FINAL,31400,3,True,median_of_3_valid_runs,"['/srv/ai/benchmarks/strata-qwen38/pr578-dual4090/raw/H-PRIORITY-FINAL-32K-run1.json', '/srv/ai/benchmarks/strata-qwen38/pr578-dual4090/raw/H-PRIORITY-FINAL-32K-run2.json', '/srv/ai/benchmarks/strata-qwen38/pr578-dual4090/raw/H-PRIORITY-FINAL-32K-run3.json']",2381.7,2273.7,2383.4,117.5,103.8,124.0,13.334048423013883,74.42922374429224,1.7526881720430108,93,2.75,22.93,0,24822,149631795.2,584499.2,35067.212374033275,94.0,27.89,0.01,714.24,,74.55000000000001,1181.5,88.5,7.0,230.825,80.63499999999999,101.0,62.75,296.25,45.0,53.758819580078125,58.26679992675781,23.314453125,23.34375,219,163,0.994,124521,125721,732,0,0.0,8586,11796,
H-PRIORITY-FINAL,63400,3,True,median_of_3_valid_runs,"['/srv/ai/benchmarks/strata-qwen38/pr578-dual4090/raw/H-PRIORITY-FINAL-64K-run1.json', '/srv/ai/benchmarks/strata-qwen38/pr578-dual4090/raw/H-PRIORITY-FINAL-64K-run2.json', '/srv/ai/benchmarks/strata-qwen38/pr578-dual4090/raw/H-PRIORITY-FINAL-64K-run3.json']",2388.0,2386.9,2389.7,100.8,98.6,129.7,26.820996161026414,70.04608294930875,1.4476190476190476,105,2.44,22.87,0,35502,156237824.0,610304.0,32292.237104446744,110.0,23.59,0.0,639.36,,61.6,972.2333333333333,92.5,7.0,219.33,64.065,173.5,69.0,94.0,81.66666666666667,53.98823928833008,58.12757873535156,23.314453125,23.34375,223,152,0.995,120166,120506,657,0,0.0,8586,11796,
H-PRIORITY-FINAL,127000,3,True,median_of_3_valid_runs,"['/srv/ai/benchmarks/strata-qwen38/pr578-dual4090/raw/H-PRIORITY-FINAL-128K-run1.json', '/srv/ai/benchmarks/strata-qwen38/pr578-dual4090/raw/H-PRIORITY-FINAL-128K-run2.json', '/srv/ai/benchmarks/strata-qwen38/pr578-dual4090/raw/H-PRIORITY-FINAL-128K-run3.json']",2355.7,2351.9,2357.3,125.1,123.5,126.2,54.176069480978185,74.4186046511628,1.57,100,2.56,20.28,0,28448,151624089.6,592281.6,33709.22401067141,119.0,25.82,0.01,672.0000000000001,,77.69999999999999,1235.85,90.5,8.0,256.455,68.445,243.0,95.0,67.66666666666667,65.66666666666667,54.22108840942383,58.48884201049805,23.314453125,23.34375,215,157,0.995,121464,122635,667,0,0.0,8586,11796,
H-PRIORITY-FINAL,259500,3,True,median_of_3_valid_runs,"['/srv/ai/benchmarks/strata-qwen38/pr578-dual4090/raw/H-PRIORITY-FINAL-256K-run1.json', '/srv/ai/benchmarks/strata-qwen38/pr578-dual4090/raw/H-PRIORITY-FINAL-256K-run2.json', '/srv/ai/benchmarks/strata-qwen38/pr578-dual4090/raw/H-PRIORITY-FINAL-256K-run3.json']",2282.7,2282.6,2285.8,117.7,110.2,120.2,114.16908232102287,69.91150442477876,1.6122448979591837,98,2.61,22.2,0,34321,158020403.2,617267.2,34344.795305368396,140.0,25.42,0.01,586.5600000000001,,76.4,1214.05,91.5,8.0,239.04500000000002,72.94,190.33333333333334,103.33333333333333,71.66666666666667,69.66666666666667,54.25410842895508,58.52513885498047,23.314453125,23.34375,225,158,0.995,121855,122407,565,0,0.0,8586,11796,
H-PRIORITY-STEADY2048,31400,3,True,median_of_3_valid_runs,"['/srv/ai/benchmarks/strata-qwen38/pr578-dual4090/raw/H-PRIORITY-STEADY2048-steady-run1.json', '/srv/ai/benchmarks/strata-qwen38/pr578-dual4090/raw/H-PRIORITY-STEADY2048-steady-run2.json', '/srv/ai/benchmarks/strata-qwen38/pr578-dual4090/raw/H-PRIORITY-STEADY2048-steady-run3.json']",2432.9,2320.7,2433.8,135.4,125.5,150.9,13.068147456011502,84.41479684657368,2.1187214611872145,657,3.12,23.01,0,429630,1113902284.8,543897.6,36288.49682962963,1127.0,21.27,0.01,6307.200000000001,,93.99375,1492.075,92.93333333333334,11.923076923076923,251.77733333333333,95.61533333333334,185.35714285714286,102.625,104.76923076923077,99.3076923076923,53.53278732299805,57.70386505126953,23.314453125,23.34375,1649,1392,0.991,670733,677012,6279,0,0.0,8586,11796,
LS-A,31400,3,True,median_of_3_valid_runs,"['/srv/ai/benchmarks/strata-qwen38/pr578-dual4090/raw/LS-A-32K-run1.json', '/srv/ai/benchmarks/strata-qwen38/pr578-dual4090/raw/LS-A-32K-run2.json', '/srv/ai/benchmarks/strata-qwen38/pr578-dual4090/raw/LS-A-32K-run3.json']",4585.5,2212.6,4607.6,140.8,131.7,164.3,6.9330332100216765,80.0,1.8461538461538463,91,2.81,19.98,0,,,,,,32.68,0.03,1616.16,,59.55,947.75,66.0,57.5,123.705,183.905,75.66666666666667,57.333333333333336,241.0,40.333333333333336,54.586097717285156,58.71868896484375,23.279296875,23.392578125,206,168,0.989,142743,144343,1600,0,0.0,10112,0,25
LS-A-FINAL,31400,3,True,median_of_3_valid_runs,"['/srv/ai/benchmarks/strata-qwen38/pr578-dual4090/raw/LS-A-FINAL-32K-run1.json', '/srv/ai/benchmarks/strata-qwen38/pr578-dual4090/raw/LS-A-FINAL-32K-run2.json', '/srv/ai/benchmarks/strata-qwen38/pr578-dual4090/raw/LS-A-FINAL-32K-run3.json']",4595.1,2218.7,4615.7,135.1,132.2,138.2,6.913364131003618,76.35467980295566,1.6161616161616161,99,2.59,19.56,0,,,,,,32.0,0.01,997.92,,59.4,945.55,41.0,63.5,138.205,182.33499999999998,236.0,290.0,10.333333333333334,18.0,54.59220886230469,58.7642936706543,23.279296875,23.400390625,216,160,0.994,145450,147170,981,0,0.0,10112,0,25
LS-A-FINAL,63400,3,True,median_of_3_valid_runs,"['/srv/ai/benchmarks/strata-qwen38/pr578-dual4090/raw/LS-A-FINAL-64K-run1.json', '/srv/ai/benchmarks/strata-qwen38/pr578-dual4090/raw/LS-A-FINAL-64K-run2.json', '/srv/ai/benchmarks/strata-qwen38/pr578-dual4090/raw/LS-A-FINAL-64K-run3.json']",5361.4,3244.2,5388.8,126.9,108.9,128.7,11.964505074982299,67.24890829694323,1.5098039215686274,102,2.51,19.77,0,,,,,,29.8,0.01,1066.56,,51.7,821.6,38.666666666666664,64.66666666666667,131.54000000000002,178.94333333333333,16.0,48.0,151.66666666666666,37.0,54.847782135009766,59.02240753173828,23.279296875,23.400390625,229,154,0.993,158134,158845,1046,0,0.0,10112,0,25
LS-A-FINAL,127000,3,True,median_of_3_valid_runs,"['/srv/ai/benchmarks/strata-qwen38/pr578-dual4090/raw/LS-A-FINAL-128K-run1.json', '/srv/ai/benchmarks/strata-qwen38/pr578-dual4090/raw/LS-A-FINAL-128K-run2.json', '/srv/ai/benchmarks/strata-qwen38/pr578-dual4090/raw/LS-A-FINAL-128K-run3.json']",5668.8,3979.4,5691.2,119.2,118.3,119.7,22.667015693994472,70.0,1.4951456310679612,103,2.49,20.85,0,,,,,,31.18,0.01,840.48,,68.15,1084.25,41.5,50.0,144.61,172.57999999999998,99.66666666666667,60.333333333333336,110.33333333333333,47.333333333333336,55.181915283203125,59.354061126708984,23.279296875,23.400390625,220,154,0.994,154138,154996,858,0,0.0,10112,0,25
LS-A-FINAL,259500,3,True,median_of_3_valid_runs,"['/srv/ai/benchmarks/strata-qwen38/pr578-dual4090/raw/LS-A-FINAL-256K-run1.json', '/srv/ai/benchmarks/strata-qwen38/pr578-dual4090/raw/LS-A-FINAL-256K-run2.json', '/srv/ai/benchmarks/strata-qwen38/pr578-dual4090/raw/LS-A-FINAL-256K-run3.json']",5684.4,4526.0,5686.3,114.3,113.4,121.9,46.16007147799246,71.42857142857143,1.6494845360824741,97,2.64,23.09,0,,,,,,32.88,0.01,931.2,,83.2,1320.6,43.0,50.0,164.54500000000002,180.61,178.66666666666666,68.0,114.5,64.33333333333333,55.197513580322266,59.36334228515625,23.279296875,23.400390625,228,160,0.994,153070,154021,951,0,0.0,10112,0,25
LS-A-FRESH1,31400,1,False,median_of_1_valid_runs,['/srv/ai/benchmarks/strata-qwen38/pr578-dual4090/raw/LS-A-FRESH1-32K-run1.json'],2213.2,2213.2,2213.2,135.7,135.7,135.7,14.265110336011276,80.0,1.8461538461538463,91,2.81,20.73,0,,,,,,32.68,0.03,1616.16,,89.4,1423.65,42.0,46.5,146.365,180.23,217.66666666666666,30.0,14.333333333333334,31.666666666666668,54.569149017333984,58.76713180541992,23.279296875,23.392578125,210,168,0.989,142743,144343,1600,0,0.0,10112,0,25
LS-A-FRESH2,31400,1,False,median_of_1_valid_runs,['/srv/ai/benchmarks/strata-qwen38/pr578-dual4090/raw/LS-A-FRESH2-32K-run2.json'],2208.1,2208.1,2208.1,120.9,120.9,120.9,14.300569353974424,67.88990825688073,1.3703703703703705,108,2.37,19.6,0,,,,,,29.9,0.02,1347.8400000000001,,86.8,1381.6999999999998,39.5,50.5,143.68,177.07999999999998,30.0,20.75,11.75,25.25,54.56742477416992,58.793575286865234,23.279296875,23.392578125,218,148,0.991,155023,156390,1367,0,0.0,10112,0,25
LS-A-FRESH3,31400,1,False,median_of_1_valid_runs,['/srv/ai/benchmarks/strata-qwen38/pr578-dual4090/raw/LS-A-FRESH3-32K-run3.json'],2219.4,2219.4,2219.4,135.4,135.4,135.4,14.228436514007626,70.0,1.6770833333333333,96,2.67,19.7,0,,,,,,33.56,0.03,1704.9599999999998,,90.69999999999999,1444.75,43.5,45.5,167.35500000000002,181.82999999999998,345.0,65.0,217.66666666666666,55.0,54.56960678100586,58.80828094482422,23.279296875,23.392578125,230,161,0.989,154624,156345,1721,0,0.0,10112,0,25
LS-A-LOOKUP-ON,31400,3,True,median_of_3_valid_runs,"['/srv/ai/benchmarks/strata-qwen38/pr578-dual4090/raw/LS-A-LOOKUP-ON-32K-run1.json', '/srv/ai/benchmarks/strata-qwen38/pr578-dual4090/raw/LS-A-LOOKUP-ON-32K-run2.json', '/srv/ai/benchmarks/strata-qwen38/pr578-dual4090/raw/LS-A-LOOKUP-ON-32K-run3.json']",4649.5,2223.3,4672.8,135.6,131.5,136.5,6.835019138990901,72.97297297297297,1.595959595959596,99,2.59,18.95,27,,,,,,32.05,0.02,969.6000000000001,,61.5,977.55,40.0,55.5,142.665,183.54000000000002,28.333333333333332,39.0,26.333333333333332,27.0,54.59881591796875,58.80012130737305,23.30078125,23.416015625,220,158,0.993,149779,151499,978,0,0.0,10112,0,25
LS-A-STEADY2048,31400,3,True,median_of_3_valid_runs,"['/srv/ai/benchmarks/strata-qwen38/pr578-dual4090/raw/LS-A-STEADY2048-steady-run1.json', '/srv/ai/benchmarks/strata-qwen38/pr578-dual4090/raw/LS-A-STEADY2048-steady-run2.json', '/srv/ai/benchmarks/strata-qwen38/pr578-dual4090/raw/LS-A-STEADY2048-steady-run3.json']",4673.9,2178.9,4694.1,158.8,153.3,161.0,6.805623380001634,82.8239608801956,1.9524495677233429,694,2.95,18.87,0,,,,,,33.47,0.02,12574.079999999998,,94.37142857142857,1499.9071428571428,45.357142857142854,54.57142857142857,175.27428571428572,206.43857142857144,333.4166666666667,80.61538461538461,143.92307692307693,88.92307692307692,54.36711883544922,58.554691314697266,23.279296875,23.392578125,1636,1355,0.989,1108799,1117888,12466,0,0.0,10112,0,25
LS-B,31400,3,True,median_of_3_valid_runs,"['/srv/ai/benchmarks/strata-qwen38/pr578-dual4090/raw/LS-B-32K-run1.json', '/srv/ai/benchmarks/strata-qwen38/pr578-dual4090/raw/LS-B-32K-run2.json', '/srv/ai/benchmarks/strata-qwen38/pr578-dual4090/raw/LS-B-32K-run3.json']",4603.0,2322.8,4611.1,139.6,134.3,144.3,6.903512627992313,76.36363636363636,1.815217391304348,92,2.78,19.5,0,,,,,,32.76,0.01,960.96,,59.5,947.05,38.5,49.5,127.56,193.75,35.333333333333336,72.33333333333333,36.666666666666664,27.666666666666668,54.5881233215332,58.75344467163086,23.279296875,23.392578125,220,167,0.993,148280,149255,975,0,0.0,10112,0,25
LS-B-FRESH1,31400,1,False,median_of_1_valid_runs,['/srv/ai/benchmarks/strata-qwen38/pr578-dual4090/raw/LS-B-FRESH1-32K-run1.json'],2232.0,2232.0,2232.0,138.6,138.6,138.6,14.149279451026814,78.77358490566037,1.815217391304348,92,2.78,20.07,0,,,,,,32.66,0.01,1633.92,,89.3,1419.9,37.0,49.0,143.88,144.82,827.6666666666666,67.0,43.666666666666664,112.66666666666667,54.57136917114258,58.77496337890625,23.279296875,23.392578125,212,167,0.989,144247,145870,1623,0,0.0,10112,0,25
LS-B-FRESH2,31400,1,False,median_of_1_valid_runs,['/srv/ai/benchmarks/strata-qwen38/pr578-dual4090/raw/LS-B-FRESH2-32K-run2.json'],2204.3,2204.3,2204.3,131.9,131.9,131.9,14.324553786980687,75.94339622641509,1.6770833333333333,96,2.67,20.22,0,,,,,,31.73,0.01,1566.72,,85.55000000000001,1357.0500000000002,46.0,48.0,162.245,173.93,10.333333333333334,98.33333333333333,116.0,76.66666666666667,54.56865310668945,58.8241081237793,23.279296875,23.392578125,212,161,0.989,146208,147786,1578,0,0.0,10112,0,25
LS-B-FRESH3,31400,1,False,median_of_1_valid_runs,['/srv/ai/benchmarks/strata-qwen38/pr578-dual4090/raw/LS-B-FRESH3-32K-run3.json'],2214.0,2214.0,2214.0,135.7,135.7,135.7,14.269620610022685,76.27906976744185,1.7826086956521738,92,2.78,20.51,0,,,,,,32.71,0.04,2737.92,,88.0,1398.6,41.0,49.5,144.61,177.46499999999997,48.333333333333336,52.333333333333336,592.0,57.333333333333336,54.56767272949219,58.83021545410156,23.279296875,23.392578125,215,164,0.981,144457,147196,2739,0,0.0,10112,0,25
PR-LS,31400,3,True,median_of_3_valid_runs,"['/srv/ai/benchmarks/strata-qwen38/pr578-dual4090/raw/PR-LS-32K-run1.json', '/srv/ai/benchmarks/strata-qwen38/pr578-dual4090/raw/PR-LS-32K-run2.json', '/srv/ai/benchmarks/strata-qwen38/pr578-dual4090/raw/PR-LS-32K-run3.json']",4533.4,2264.9,4547.2,133.9,101.6,164.8,7.081919369986281,80.0,1.8461538461538463,91,2.81,21.01,0,,,,,,32.68,0.03,1616.16,,95.8,1529.0,38.0,55.0,157.56,171.02,131.0,89.5,308.0,65.5,54.589969635009766,58.75082015991211,23.279296875,23.392578125,206,168,0.989,142743,144343,1600,0,0.0,10112,0,25
