task_id,family,subtask,source_group,split,prior_exposure,context_limit,actual_input_tokens,output_tokens,stop_reason,startup_s,warmup_s,prefill_s,decode_s,request_wall_s,trace_drain_s,shutdown_s,total_operating_s,PP,TG,TTFT_s,windows,main_entries,MTP_entries,all_main_and_MTP_entries,unique_layer_experts,local_pct,cpu_pct,mapped_pct,native_admissions,native_payload_bytes_issued,native_publications,trace_type,trace_validation,stored_tape_bytes,short_output,repeated_long_output_lines,core,screening
code-heg,code/agent,repository review,heg-storage,development,True,131072,22883,2048,OUTPUT_CAP,126.10131505603204,7.595713973976672,13.6663,20.9393,36.147863337013405,0.006964809028431773,5.628940072958358,175.68563943501795,1674.4,97.8,14.298988027032465,681,1135200,18490,1153690,21714,90.3672480620155,8.273431994362227,1.3593199436222692,12836,40291328000,12836,FULL_REPLAY_TAPE,PASS,279138636,False,1,True,True
math-rational,math/research,exact arithmetic,E026-numerical,development,True,32768,10943,2048,OUTPUT_CAP,64.07378388999496,7.629068816022482,12.407399999999999,17.9561,31.274496369005647,0.003518768004141748,3.939272725954652,107.08037572097965,882.0,114.1,12.994153492967598,653,1146240,18480,1164720,20431,91.76612227805695,7.188546901172529,1.0453308207705192,11502,36194611200,11502,FULL_REPLAY_TAPE,PASS,267625660,False,1,True,True
text-http,text/translation,document summarization,E026-HTTP-standards,development,True,32768,20938,2048,OUTPUT_CAP,58.8773057119688,7.614100105012767,16.815900000000003,20.2785,38.709957251965534,0.006889437034260482,4.887595275999047,110.28082654200261,1245.1,101.0,17.78736463194946,712,1194720,19520,1214240,19535,93.2273670818267,6.0353053435114505,0.7373275746618455,11274,35487744000,11274,FULL_REPLAY_TAPE,PASS,291824488,False,0,True,True
mixed-build,structured/mixed,real build log analysis,strata-release-build-log,development,False,32768,10934,2048,OUTPUT_CAP,62.068766625015996,7.671949746960308,8.211200000000002,17.8654,27.474162374972366,0.005102813011035323,5.76027690898627,103.16640579601517,1331.6,114.6,9.09065104398178,592,1061760,16930,1078690,21007,92.24768309222424,6.795886075949367,0.9564308318264014,9992,31310028800,9992,FULL_REPLAY_TAPE,PASS,242647832,False,0,True,True
code-queue,code/agent,implementation reasoning,cpython-asyncio-queues,calibration,True,32768,2498,2048,OUTPUT_CAP,74.40404977300204,7.692530559026636,5.2602,18.565099999999997,25.117153130006045,0.0035668789641931653,4.848916799994186,112.23581429297337,474.9,110.3,5.977052663976792,682,1153920,18740,1172660,20457,92.85739046034386,6.338481003882418,0.8041285357737105,11555,36327321600,11555,FULL_REPLAY_TAPE,PASS,279466568,False,0,True,False
math-sensor,math/research,numerical parameter fitting,authored-sensor-problem,calibration,True,131072,179,2048,OUTPUT_CAP,86.89126549998764,7.665659316990059,1.2631,18.9813,21.284587336005643,0.005088273959700018,6.263932096015196,122.30134048301261,141.7,107.9,1.7420369680039585,668,1159680,18750,1178430,19567,93.3173806567329,5.955349751655629,0.7272695916114791,10652,33507328000,10652,FULL_REPLAY_TAPE,PASS,273724684,False,0,True,False
text-tls,text/translation,English to Polish technical translation,rfc8446-TLS,calibration,False,131072,81722,2048,OUTPUT_CAP,100.7321629920043,7.5917188609601,44.3004,24.5318,71.87533408304444,0.0056702319998294115,5.402877827989869,185.9399315190385,1844.7,83.5,46.49722420301987,965,1315680,23100,1338780,19386,94.5474583485346,5.003572297215128,0.4489693542502736,10733,33639116800,10733,FULL_REPLAY_TAPE,PASS,395664040,False,0,True,False
mixed-fields,structured/mixed,grammar and schema extraction,rfc8941-structured-fields,calibration,False,131072,16346,2048,OUTPUT_CAP,63.06316623900784,7.508005791984033,13.5175,16.7649,31.28248120303033,0.0029686909983865917,4.053022266016342,106.15237814403372,1209.2,122.2,14.05230586003745,646,1134720,18270,1152990,19612,93.31138959390863,5.976099830795262,0.7125105752961083,10221,32107622400,10221,FULL_REPLAY_TAPE,PASS,264780968,False,0,True,False
code-archive,code/agent,safe archive import,cpython-zipfile,reserved_evaluation,True,32768,6983,2048,OUTPUT_CAP,55.081835384014994,7.6297188269672915,9.2625,20.0506,30.602174058032688,0.003981206973548979,4.608904024004005,98.09763177699642,753.9,102.1,10.12669706903398,769,1214400,20210,1234610,19687,94.1677371541502,5.242341897233201,0.5899209486166008,10822,34127564800,10822,FULL_REPLAY_TAPE,PASS,315108572,False,0,True,False
math-inventory,math/research,stochastic inventory,authored-warehouse-problem,reserved_evaluation,True,32768,165,2048,OUTPUT_CAP,91.39373208698817,7.464892823016271,1.1185,18.7252,20.83764355495805,0.002791531034745276,4.336662187008187,124.22598385199672,147.5,109.4,1.6470904090092517,766,1238400,20470,1258870,19150,93.703165374677,5.648094315245478,0.6487403100775194,11536,36373504000,11536,FULL_REPLAY_TAPE,PASS,313852884,False,0,True,False
text-websocket,text/translation,technical explanation,rfc6455-WebSocket,reserved_evaluation,False,32768,30383,1773,NATURAL_EOS,57.05884715204593,7.754312773991842,20.306900000000002,18.514400000000002,40.36473674100125,0.0055987819796428084,5.858726484992076,111.26136664196383,1496.2,95.8,21.31846968701575,636,1053600,17230,1070830,19598,93.65973804100227,5.716305998481397,0.623955960516325,10381,32618598400,10381,FULL_REPLAY_TAPE,PASS,260742396,False,0,True,False
mixed-chinook,structured/mixed,real SQL schema extraction,chinook-SQLite-DDL,reserved_evaluation,False,32768,1899,2048,OUTPUT_CAP,116.20127572497586,7.461106533999555,4.2738000000000005,18.5758,23.946956839004997,0.006198189978022128,5.773480843985453,153.63244031497743,444.3,110.3,4.8290846580057405,548,1028160,16150,1044310,20796,89.2494358854653,9.09644413320884,1.6541199813258636,11421,35649945600,11421,FULL_REPLAY_TAPE,PASS,224594924,False,6,True,False
