configuration,profile,run,state,actual_input_tokens,actual_output_tokens,PP,TG,TTFT_s,wall_s,mtp_acceptance_pct,mtp_accepted_per_window,hit_rate_pct,cpu_fallback_entries,offloaded_entries,path
control,32k,1,VALID,28378,4096,3567.2,157.8,8.079982090042904,34.06896583503112,90.15772870662461,2.3029814665592263,98.3,35552,1224,/srv/ai/research/iq3s-residency-20261004T230051Z/experiments/E002-controls/v1/32k/raw/run1.json
control,32k,2,VALID,28379,4096,4779.1,153.3,6.086332252016291,32.775394209020305,86.12132352941177,2.184149184149184,98.8,27006,539,/srv/ai/research/iq3s-residency-20261004T230051Z/experiments/E002-controls/v1/32k/raw/run2.json
control,32k,3,VALID,28381,4096,4739.5,155.9,6.128677561995573,32.3931571750436,85.76250383553237,2.1466973886328726,98.8,26184,489,/srv/ai/research/iq3s-residency-20261004T230051Z/experiments/E002-controls/v1/32k/raw/run3.json
frequency,32k,1,VALID,28378,4096,3627.0,134.6,7.968645774002653,38.38182816200424,81.35694986490543,1.951043916486681,98.8,26941,911,/srv/ai/research/iq3s-residency-20261004T230051Z/experiments/E006-frequency/v1/32k/raw/run1.json
frequency,32k,2,VALID,28379,4096,4740.5,150.6,6.124811540008523,33.31622027797857,80.68080023887728,1.9383070301291248,98.9,25072,517,/srv/ai/research/iq3s-residency-20261004T230051Z/experiments/E006-frequency/v1/32k/raw/run2.json
frequency,32k,3,VALID,28381,4096,4757.8,144.9,6.106265034002718,34.36422445898643,85.33292420988033,2.11322188449848,99.0,21634,484,/srv/ai/research/iq3s-residency-20261004T230051Z/experiments/E006-frequency/v1/32k/raw/run3.json
control,128k,1,VALID,126715,4096,3979.8,133.2,32.31644972303184,63.0864540800103,76.77587706581618,1.8274672187715666,98.1,43557,1719,/srv/ai/research/iq3s-residency-20261004T230051Z/experiments/E002-controls/v1/128k/raw/run1.json
control,128k,2,VALID,126716,4096,5985.2,124.2,21.68817100598244,54.640024421038106,77.85507246376811,1.9049645390070922,98.6,32207,786,/srv/ai/research/iq3s-residency-20261004T230051Z/experiments/E002-controls/v1/128k/raw/run2.json
control,128k,3,VALID,126719,4096,6012.7,153.1,21.581710316997487,48.30807200400159,79.54016298020954,2.005135730007337,98.1,42738,1335,/srv/ai/research/iq3s-residency-20261004T230051Z/experiments/E002-controls/v1/128k/raw/run3.json
frequency,128k,1,VALID,126715,4096,4012.9,131.3,32.05056542099919,63.22985767002683,75.22935779816514,1.7789830508474576,98.1,44278,1390,/srv/ai/research/iq3s-residency-20261004T230051Z/experiments/E006-frequency/v1/128k/raw/run1.json
frequency,128k,2,VALID,126716,4096,6007.4,135.3,21.564718335983343,51.8236863539787,77.38577212261423,1.8818565400843883,98.3,39574,1655,/srv/ai/research/iq3s-residency-20261004T230051Z/experiments/E006-frequency/v1/128k/raw/run2.json
frequency,128k,3,VALID,126719,4096,6016.0,121.5,21.58176823903341,55.25466510804836,75.40983606557377,1.7776271186440677,98.6,33010,981,/srv/ai/research/iq3s-residency-20261004T230051Z/experiments/E006-frequency/v1/128k/raw/run3.json
