experiment_id,status,context,ncmoe,gpu_expert_layers,tensor_split,safe,draft_fully_gpu_resident,startup_seconds,smoke_wall_seconds,smoke_server_tg_tps,startup_vram_used_mib,post_smoke_vram_used_mib,post_smoke_vram_free_mib,drafted_tokens_seen,accepted_draft_tokens_seen,acceptance_pct_seen,error
ctx131072-ncmoe47-ts60_40,COMPLETE,131072,47,1,"60,40",True,True,59.08854409199921,8.599489898999309,22.49005643583741,"[6304.0, 9194.0]","[6364.0, 9260.0]","[17720.0, 14824.0]",,,,
ctx131072-ncmoe47-ts65_35,COMPLETE,131072,47,1,"65,35",True,True,58.08527529599996,8.745524727000884,22.529327255316094,"[6666.0, 8834.0]","[6728.0, 8898.0]","[17356.0, 15186.0]",,,,
ctx131072-ncmoe47-ts55_45,COMPLETE,131072,47,1,"55,45",True,True,57.0959335180014,8.750763981001,23.07975244900468,"[5848.0, 9650.0]","[5904.0, 9720.0]","[18180.0, 14364.0]",,,,
ctx131072-ncmoe47-ts1_1,COMPLETE,131072,47,1,"1,1",True,True,58.07733451100103,11.204370768000445,17.999971957938424,"[5656.0, 9842.0]","[5712.0, 9912.0]","[18372.0, 14172.0]",,,,
ctx131072-ncmoe47-ts70_30,COMPLETE,131072,47,1,"70,30",True,True,73.13478459599901,9.315196641000512,19.620964277452828,"[6952.0, 8546.0]","[7016.0, 8608.0]","[17068.0, 15476.0]",,,,
ctx131072-ncmoe46-ts60_40,COMPLETE,131072,46,2,"60,40",True,True,59.086533257001065,11.328965226000946,19.81001982461668,"[6304.0, 11356.0]","[6364.0, 11422.0]","[17720.0, 12662.0]",,,,
ctx131072-ncmoe46-ts65_35,COMPLETE,131072,46,2,"65,35",True,True,71.10872520799967,8.886934742000449,21.006661322866854,"[6666.0, 10996.0]","[6728.0, 11060.0]","[17356.0, 13024.0]",,,,
ctx131072-ncmoe46-ts55_45,COMPLETE,131072,46,2,"55,45",True,True,57.080688525998994,8.606511914998919,22.91509979646567,"[5848.0, 11812.0]","[5904.0, 11882.0]","[18180.0, 12202.0]",,,,
ctx131072-ncmoe46-ts1_1,COMPLETE,131072,46,2,"1,1",True,True,60.08397010100089,8.670630249000169,23.135706504810887,"[5656.0, 12004.0]","[5712.0, 12074.0]","[18372.0, 12010.0]",,,,
ctx131072-ncmoe46-ts70_30,COMPLETE,131072,46,2,"70,30",True,True,60.083904301000075,11.633637553999506,17.88033014994445,"[6952.0, 10708.0]","[7016.0, 10770.0]","[17068.0, 13314.0]",,,,
ctx131072-ncmoe45-ts60_40,COMPLETE,131072,45,3,"60,40",True,True,72.11345621799956,8.350685359999261,22.98130410433996,"[6304.0, 13520.0]","[6364.0, 13588.0]","[17720.0, 10496.0]",,,,
ctx131072-ncmoe45-ts65_35,COMPLETE,131072,45,3,"65,35",True,True,58.08723014499992,8.566593884999747,21.749417859660394,"[6666.0, 13158.0]","[6728.0, 13224.0]","[17356.0, 10860.0]",,,,
ctx131072-ncmoe45-ts55_45,COMPLETE,131072,45,3,"55,45",True,True,55.08105792599963,8.743109021999771,20.828359192289383,"[5848.0, 13974.0]","[5904.0, 14044.0]","[18180.0, 10040.0]",,,,
ctx131072-ncmoe45-ts1_1,COMPLETE,131072,45,3,"1,1",True,True,55.0834201990001,8.874852891000046,20.42438869804627,"[5656.0, 14168.0]","[5712.0, 14240.0]","[18372.0, 9844.0]",,,,
ctx131072-ncmoe45-ts70_30,COMPLETE,131072,45,3,"70,30",True,True,56.086251275000905,8.32990822300053,22.943357439154216,"[6952.0, 12872.0]","[7016.0, 12936.0]","[17068.0, 11148.0]",,,,
ctx131072-ncmoe44-ts60_40,COMPLETE,131072,44,4,"60,40",True,True,55.068313417001264,8.206288938999933,23.38081690113114,"[6304.0, 15682.0]","[6364.0, 15750.0]","[17720.0, 8334.0]",,,,
ctx131072-ncmoe44-ts65_35,COMPLETE,131072,44,4,"65,35",True,True,55.06515519599998,8.512558550000904,21.61262486694017,"[6666.0, 15322.0]","[6728.0, 15388.0]","[17356.0, 8696.0]",,,,
ctx131072-ncmoe44-ts55_45,COMPLETE,131072,44,4,"55,45",True,True,55.068077419000474,8.314468372000192,23.115727551708666,"[5848.0, 16138.0]","[5904.0, 16208.0]","[18180.0, 7876.0]",,,,
ctx131072-ncmoe44-ts1_1,COMPLETE,131072,44,4,"1,1",True,True,56.0786188990005,8.212725827001123,23.266008850879576,"[5656.0, 16330.0]","[5712.0, 16402.0]","[18372.0, 7682.0]",,,,
ctx131072-ncmoe44-ts70_30,COMPLETE,131072,44,4,"70,30",True,True,56.07478198100034,8.683833002000029,20.91552768775539,"[6952.0, 15034.0]","[7016.0, 15098.0]","[17068.0, 8986.0]",,,,
ctx131072-ncmoe43-ts60_40,COMPLETE,131072,43,5,"60,40",True,True,56.069008500000564,8.000512656000865,23.99289204259319,"[6304.0, 17844.0]","[6364.0, 17912.0]","[17720.0, 6172.0]",,,,
ctx131072-ncmoe43-ts65_35,COMPLETE,131072,43,5,"65,35",True,True,56.07781216100011,8.310763363999286,22.19798876875233,"[6666.0, 17484.0]","[6728.0, 17550.0]","[17356.0, 6534.0]",,,,
ctx131072-ncmoe43-ts55_45,COMPLETE,131072,43,5,"55,45",True,True,59.07915574099934,7.976856641000268,24.209786207200604,"[5848.0, 18300.0]","[5904.0, 18370.0]","[18180.0, 5714.0]",,,,
ctx131072-ncmoe43-ts1_1,COMPLETE,131072,43,5,"1,1",True,True,56.082487997999124,8.33559486500053,22.18225265679175,"[5656.0, 18492.0]","[5712.0, 18564.0]","[18372.0, 5520.0]",,,,
ctx131072-ncmoe43-ts70_30,COMPLETE,131072,43,5,"70,30",True,True,56.07851579999988,8.290438539001116,22.298103581497923,"[6952.0, 17196.0]","[7016.0, 17260.0]","[17068.0, 6824.0]",,,,
ctx131072-ncmoe42-ts60_40,COMPLETE,131072,42,6,"60,40",True,True,57.07963560099961,7.895520211000985,24.06566328894527,"[6304.0, 20006.0]","[6364.0, 20074.0]","[17720.0, 4010.0]",,,,
ctx131072-ncmoe42-ts65_35,COMPLETE,131072,42,6,"65,35",True,True,58.08278596399941,8.234251960999245,22.259973053716827,"[6666.0, 19646.0]","[6728.0, 19712.0]","[17356.0, 4372.0]",,,,
ctx131072-ncmoe42-ts55_45,COMPLETE,131072,42,6,"55,45",True,True,56.06634293599927,7.948937695000495,23.6801494790741,"[5848.0, 20462.0]","[5904.0, 20532.0]","[18180.0, 3552.0]",,,,
ctx131072-ncmoe42-ts1_1,COMPLETE,131072,42,6,"1,1",True,True,57.080508289000136,8.36707555599969,21.571529033120925,"[5656.0, 20654.0]","[5712.0, 20726.0]","[18372.0, 3358.0]",,,,
ctx131072-ncmoe42-ts70_30,COMPLETE,131072,42,6,"70,30",True,True,58.0976763639992,7.756291202000284,24.977881428682235,"[6952.0, 19358.0]","[7016.0, 19420.0]","[17068.0, 4664.0]",,,,
ctx131072-ncmoe41-ts60_40,COMPLETE,131072,41,7,"60,40",True,True,58.081831515000886,7.75193245400078,24.387870859292512,"[6304.0, 22170.0]","[6364.0, 22236.0]","[17720.0, 1848.0]",,,,
ctx131072-ncmoe41-ts65_35,COMPLETE,131072,41,7,"65,35",True,True,57.076920400000745,8.013583288000518,22.785927411230823,"[6666.0, 21808.0]","[6728.0, 21872.0]","[17356.0, 2212.0]",,,,
ctx131072-ncmoe41-ts55_45,COMPLETE,131072,41,7,"55,45",True,True,57.07189308700072,7.722557869999946,24.644771559829852,"[5848.0, 22624.0]","[5904.0, 22694.0]","[18180.0, 1390.0]",,,,
ctx131072-ncmoe41-ts1_1,COMPLETE,131072,41,7,"1,1",False,True,58.07174698600102,7.715417241999603,24.73597600349949,"[5656.0, 22818.0]","[5712.0, 22888.0]","[18372.0, 1196.0]",,,,
ctx131072-ncmoe41-ts70_30,COMPLETE,131072,41,7,"70,30",True,True,57.08121720700001,8.000442270000349,22.889360061680804,"[6952.0, 21522.0]","[7016.0, 21582.0]","[17068.0, 2502.0]",,,,
ctx131072-ncmoe40-ts60_40,FAILED,131072,40,8,"60,40",False,,,,,,,,,,,RuntimeError('server exited during startup rc=1')
ctx131072-ncmoe40-ts65_35,COMPLETE,131072,40,8,"65,35",False,True,56.07453148000059,7.564675434001401,25.173671837073876,"[6666.0, 23972.0]","[6728.0, 24038.0]","[17356.0, 46.0]",,,,
ctx131072-ncmoe40-ts55_45,FAILED,131072,40,8,"55,45",False,,,,,,,,,,,RuntimeError('server exited during startup rc=1')
ctx131072-ncmoe40-ts1_1,FAILED,131072,40,8,"1,1",False,,,,,,,,,,,RuntimeError('server exited during startup rc=1')
ctx131072-ncmoe40-ts70_30,COMPLETE,131072,40,8,"70,30",False,True,57.07186510599968,7.529838697000741,25.340928854408627,"[6952.0, 23684.0]","[7016.0, 23746.0]","[17068.0, 338.0]",,,,
ctx65536-ncmoe41-ts60_40,COMPLETE,65536,41,7,"60,40",True,True,57.06953454700124,7.763054099999863,24.35715694034112,"[5626.0, 21374.0]","[5686.0, 21440.0]","[18398.0, 2644.0]",,,,
ctx65536-ncmoe41-ts65_35,COMPLETE,65536,41,7,"65,35",True,True,58.078053975999865,8.02388693100147,22.834123313880266,"[5894.0, 21106.0]","[5956.0, 21170.0]","[18128.0, 2914.0]",,,,
ctx65536-ncmoe41-ts55_45,COMPLETE,65536,41,7,"55,45",True,True,57.07792598100059,7.727156495999225,24.57322134497259,"[5262.0, 21732.0]","[5318.0, 21802.0]","[18766.0, 2282.0]",,,,
ctx65536-ncmoe41-ts1_1,COMPLETE,65536,41,7,"1,1",True,True,57.0961026469995,7.7656057290005265,24.39234809472653,"[5070.0, 21928.0]","[5126.0, 21998.0]","[18958.0, 2086.0]",,,,
ctx65536-ncmoe41-ts70_30,COMPLETE,65536,41,7,"70,30",True,True,58.08028078899952,7.966557768999337,23.108243634834288,"[6180.0, 20818.0]","[6244.0, 20878.0]","[17840.0, 3206.0]",,,,
ctx65536-ncmoe40-ts60_40,COMPLETE,65536,40,8,"60,40",False,True,56.0808426270014,7.603070772000137,24.826352729160952,"[5626.0, 23536.0]","[5686.0, 23604.0]","[18398.0, 480.0]",,,,
ctx65536-ncmoe40-ts65_35,COMPLETE,65536,40,8,"65,35",False,True,58.08006990100148,7.409466889999749,26.105140514353703,"[5894.0, 23270.0]","[5956.0, 23336.0]","[18128.0, 748.0]",,,,
ctx65536-ncmoe40-ts55_45,COMPLETE,65536,40,8,"55,45",False,True,58.08126780800012,7.398295173999941,26.148065208320258,"[5262.0, 23896.0]","[5318.0, 23966.0]","[18766.0, 118.0]",,,,
ctx65536-ncmoe40-ts1_1,FAILED,65536,40,8,"1,1",False,,,,,,,,,,,RuntimeError('server exited during startup rc=-6')
ctx65536-ncmoe40-ts70_30,COMPLETE,65536,40,8,"70,30",False,True,58.079875899999024,7.448313892000442,25.766974333381253,"[6180.0, 22980.0]","[6244.0, 23042.0]","[17840.0, 1042.0]",,,,
ctx32768-ncmoe41-ts60_40,COMPLETE,32768,41,7,"60,40",True,True,56.07789719700122,7.633688509000422,25.167616324722655,"[5282.0, 20976.0]","[5342.0, 21042.0]","[18742.0, 3042.0]",,,,
ctx32768-ncmoe41-ts65_35,COMPLETE,32768,41,7,"65,35",True,True,58.079714801999216,7.8627326440000616,23.701855605800716,"[5504.0, 20754.0]","[5566.0, 20818.0]","[18518.0, 3266.0]",,,,
ctx32768-ncmoe41-ts55_45,COMPLETE,32768,41,7,"55,45",True,True,57.07998830500037,7.6232434199991985,25.325816630957263,"[4966.0, 21288.0]","[5022.0, 21358.0]","[19062.0, 2726.0]",,,,
ctx32768-ncmoe41-ts1_1,COMPLETE,32768,41,7,"1,1",True,True,57.09815236000031,7.605175606000557,25.331549992213883,"[4774.0, 21484.0]","[4830.0, 21554.0]","[19254.0, 2530.0]",,,,
ctx32768-ncmoe41-ts70_30,COMPLETE,32768,41,7,"70,30",True,True,57.08082157299941,7.879947060999257,23.581486696069888,"[5790.0, 20466.0]","[5854.0, 20526.0]","[18230.0, 3558.0]",,,,
ctx32768-ncmoe40-ts60_40,COMPLETE,32768,40,8,"60,40",False,True,57.08520410899837,7.495895797999765,25.58741982384004,"[5282.0, 23138.0]","[5342.0, 23206.0]","[18742.0, 878.0]",,,,
ctx32768-ncmoe40-ts65_35,COMPLETE,32768,40,8,"65,35",False,True,58.078051136000795,7.393203419000201,26.270067912273458,"[5504.0, 22918.0]","[5566.0, 22984.0]","[18518.0, 1100.0]",,,,
ctx32768-ncmoe40-ts55_45,COMPLETE,32768,40,8,"55,45",False,True,57.07259458599947,7.4016597860008915,26.49611720320374,"[4966.0, 23452.0]","[5022.0, 23522.0]","[19062.0, 562.0]",,,,
ctx32768-ncmoe40-ts1_1,COMPLETE,32768,40,8,"1,1",False,True,58.09752515400032,7.95994514099948,22.79074331169652,"[4774.0, 23646.0]","[4830.0, 23718.0]","[19254.0, 366.0]",,,,
ctx32768-ncmoe40-ts70_30,COMPLETE,32768,40,8,"70,30",True,True,59.08932297299907,7.425972831999388,26.067498357061613,"[5790.0, 22628.0]","[5854.0, 22690.0]","[18230.0, 1394.0]",,,,
ctx32768-ncmoe39-ts60_40,FAILED,32768,39,9,"60,40",False,,,,,,,,,,,RuntimeError('server exited during startup rc=1')
ctx32768-ncmoe39-ts65_35,FAILED,32768,39,9,"65,35",False,,,,,,,,,,,RuntimeError('server exited during startup rc=1')
ctx32768-ncmoe39-ts55_45,FAILED,32768,39,9,"55,45",False,,,,,,,,,,,RuntimeError('server exited during startup rc=1')
ctx32768-ncmoe39-ts1_1,FAILED,32768,39,9,"1,1",False,,,,,,,,,,,RuntimeError('server exited during startup rc=1')
ctx32768-ncmoe39-ts70_30,FAILED,32768,39,9,"70,30",False,,,,,,,,,,,RuntimeError('server exited during startup rc=1')
