experiment,phase,family,profile,role,attempts,valid_fixed_length,PP_min,PP_median,PP_max,TG_min,TG_median,TG_max,TTFT_s_min,TTFT_s_median,TTFT_s_max,wall_s_min,wall_s_median,wall_s_max,actual_input_tokens_min,actual_input_tokens_median,actual_input_tokens_max,actual_output_tokens_min,actual_output_tokens_median,actual_output_tokens_max,mtp_proposed_min,mtp_proposed_median,mtp_proposed_max,mtp_accepted_min,mtp_accepted_median,mtp_accepted_max,mtp_acceptance_pct_min,mtp_acceptance_pct_median,mtp_acceptance_pct_max,verify_windows_min,verify_windows_median,verify_windows_max,hit_rate_pct_min,hit_rate_pct_median,hit_rate_pct_max,local_vram_entries_min,local_vram_entries_median,local_vram_entries_max,cpu_fallback_entries_min,cpu_fallback_entries_median,cpu_fallback_entries_max,offloaded_entries_min,offloaded_entries_median,offloaded_entries_max,CPU_VM_mean_pct_min,CPU_VM_mean_pct_median,CPU_VM_mean_pct_max,CPU_process_mean_one_core_100_min,CPU_process_mean_one_core_100_median,CPU_process_mean_one_core_100_max,mtp_accepted_per_window_min,mtp_accepted_per_window_median,mtp_accepted_per_window_max,all_nonlocal_entries_min,all_nonlocal_entries_median,all_nonlocal_entries_max,CPU_VM_decode_mean_pct_min,CPU_VM_decode_mean_pct_median,CPU_VM_decode_mean_pct_max,CPU_process_decode_mean_pct_min,CPU_process_decode_mean_pct_median,CPU_process_decode_mean_pct_max,GPU0_util_decode_mean_min,GPU0_util_decode_mean_median,GPU0_util_decode_mean_max,GPU1_util_decode_mean_min,GPU1_util_decode_mean_median,GPU1_util_decode_mean_max,GPU0_power_decode_mean_min,GPU0_power_decode_mean_median,GPU0_power_decode_mean_max,GPU1_power_decode_mean_min,GPU1_power_decode_mean_median,GPU1_power_decode_mean_max,GPU0_peak_VRAM_mib_min,GPU0_peak_VRAM_mib_median,GPU0_peak_VRAM_mib_max,GPU1_peak_VRAM_mib_min,GPU1_peak_VRAM_mib_median,GPU1_peak_VRAM_mib_max,residency_promotions_min,residency_promotions_median,residency_promotions_max,residency_bytes_min,residency_bytes_median,residency_bytes_max,residency_useful_min,residency_useful_median,residency_useful_max,residency_wasted_min,residency_wasted_median,residency_wasted_max,residency_repeated_min,residency_repeated_median,residency_repeated_max,residency_ready_min,residency_ready_median,residency_ready_max,residency_late_min,residency_late_median,residency_late_max,residency_unpublished_min,residency_unpublished_median,residency_unpublished_max,residency_useful_entries_min,residency_useful_entries_median,residency_useful_entries_max,residency_victim_entries_min,residency_victim_entries_median,residency_victim_entries_max,residency_prediction_entries_min,residency_prediction_entries_median,residency_prediction_entries_max,residency_selector_ms_min,residency_selector_ms_median,residency_selector_ms_max,residency_pending_ms_min,residency_pending_ms_median,residency_pending_ms_max
E026-pool-generalization,P0,code,32k,default,3,3,2457.1,2458.1,2459.7,113.4,114.8,121.3,11.688828768965323,11.70234471099684,11.723452399950475,45.43773130798945,47.402512405999005,47.81028856098419,28400,28400,28400,4096,4096,4096,3382,3456,3546,2400,2469,2493,67.68189509306261,72.13541666666667,73.00413956238911,1604,1627,1696,99.0,99.1,99.2,2383403,2403442,2495145,20477,20578,24751,437,440,607,93.79166666666667,94.1138888888889,95.09117647058824,1487.6944444444443,1492.7972222222222,1507.8323529411764,,,,,,,,,,,,,,,,,,,,,,,,,,,,,,,,,,,,,,,,,,,,,,,,,,,,,,,,,,,,,,,,,,,,,
E026-pool-generalization,P0,code,32k,sleep100us,3,3,2456.8,2459.2,2471.6,147.0,152.3,153.4,11.621536806982476,11.695582724001724,11.702531927963719,38.3913755340036,38.58759563899366,39.482142909953836,28400,28400,28400,4096,4096,4096,3382,3456,3546,2400,2469,2493,67.68189509306261,72.13541666666667,73.00413956238911,1604,1627,1696,99.0,99.1,99.2,2383403,2403442,2495145,20477,20578,24751,437,440,607,20.667857142857144,21.037037037037038,22.511111111111113,267.32142857142856,269.7888888888889,293.5814814814815,,,,,,,,,,,,,,,,,,,,,,,,,,,,,,,,,,,,,,,,,,,,,,,,,,,,,,,,,,,,,,,,,,,,,
E026-pool-generalization,P0,code,128k,default,3,3,3537.6,3539.8,3546.5,117.5,128.2,134.8,36.401275421027094,36.40399745898321,36.404103701992426,66.77923437702702,68.33637072698912,71.25206907797838,126716,126716,126716,4096,4096,4096,3471,3506,3536,2305,2411,2440,65.1866515837104,68.76782658300057,70.29674445404783,1659,1688,1793,99.0,99.0,99.2,2435931,2468540,2537404,19890,23790,25425,626,790,1044,93.5875,94.40571428571428,95.27333333333334,1487.35625,1496.8771428571429,1514.2966666666666,,,,,,,,,,,,,,,,,,,,,,,,,,,,,,,,,,,,,,,,,,,,,,,,,,,,,,,,,,,,,,,,,,,,,
E026-pool-generalization,P0,code,128k,sleep100us,3,3,3540.5,3548.4,3551.8,139.0,144.2,146.5,36.19765515200561,36.385531959007494,36.3857227890403,64.3445621500141,64.78778076899471,65.64920843701111,126716,126716,126716,4096,4096,4096,3471,3506,3536,2305,2411,2440,65.1866515837104,68.76782658300057,70.29674445404783,1659,1688,1793,99.0,99.0,99.2,2435931,2468540,2537404,19890,23790,25425,626,790,1044,15.16551724137931,17.464285714285715,17.65714285714286,218.9241379310345,245.62142857142857,249.35,,,,,,,,,,,,,,,,,,,,,,,,,,,,,,,,,,,,,,,,,,,,,,,,,,,,,,,,,,,,,,,,,,,,,
E026-pool-generalization,P0,math,32k,default,3,3,2231.4,2238.7,2253.1,140.1,150.8,153.6,12.739512437023222,12.81795517296996,12.874415892001707,39.397095407999586,39.96988048101775,42.11079245398287,28411,28411,28411,4096,4096,4096,3400,3466,3525,2680,2796,2811,76.02836879432624,80.66935949221003,82.67647058823529,1288,1301,1417,98.5,98.7,98.9,2215435,2256469,2345280,26142,30719,33838,738,967,972,94.61,96.38518518518518,96.94814814814815,1500.5266666666666,1529.237037037037,1538.5111111111112,,,,,,,,,,,,,,,,,,,,,,,,,,,,,,,,,,,,,,,,,,,,,,,,,,,,,,,,,,,,,,,,,,,,,
E026-pool-generalization,P0,math,32k,sleep100us,3,3,2239.9,2258.3,2265.4,166.5,172.8,173.8,12.674992458021734,12.724601355032064,12.808145618997514,36.282010664988775,36.3746642540209,37.40233212604653,28411,28411,28411,4096,4096,4096,3400,3466,3525,2680,2796,2811,76.02836879432624,80.66935949221003,82.67647058823529,1288,1301,1417,98.5,98.7,98.9,2215435,2256469,2345280,26142,30719,33838,738,967,972,23.584,27.583333333333332,29.1,314.016,361.4291666666667,385.4166666666667,,,,,,,,,,,,,,,,,,,,,,,,,,,,,,,,,,,,,,,,,,,,,,,,,,,,,,,,,,,,,,,,,,,,,
E026-pool-generalization,P0,math,128k,default,3,3,3378.2,3390.9,3396.8,145.8,167.0,167.1,37.85267655499047,37.93889620702248,38.095014222024474,62.3739586470183,62.46477571100695,66.19698892399902,126717,126717,126717,4096,4096,4096,3354,3390,3422,2755,2772,2805,80.50847457627118,81.76991150442478,83.6314847942755,1291,1325,1341,98.6,98.6,98.6,2197060,2230079,2253737,31485,31486,31989,1018,1054,1132,95.976,96.104,99.10000000000001,1526.088,1527.924,1573.2071428571428,,,,,,,,,,,,,,,,,,,,,,,,,,,,,,,,,,,,,,,,,,,,,,,,,,,,,,,,,,,,,,,,,,,,,
E026-pool-generalization,P0,math,128k,sleep100us,3,3,3376.4,3380.2,3381.3,161.5,165.1,173.5,37.98611712199636,37.99041299597593,38.08082478703,61.58608206099598,62.880396224034484,63.349373498000205,126717,126717,126717,4096,4096,4096,3354,3390,3422,2755,2772,2805,80.50847457627118,81.76991150442478,83.6314847942755,1291,1325,1341,98.6,98.6,98.6,2197060,2230079,2253737,31485,31486,31989,1018,1054,1132,21.254166666666666,27.130769230769232,27.425,312.6125,352.61538461538464,362.12916666666666,,,,,,,,,,,,,,,,,,,,,,,,,,,,,,,,,,,,,,,,,,,,,,,,,,,,,,,,,,,,,,,,,,,,,
E026-pool-generalization,P0,prose,32k,default,3,3,1931.3,1943.0,1947.4,117.7,118.4,126.8,14.73552001803182,14.792574265040457,14.878377283981536,47.10651765402872,49.47067171597155,49.537702965026256,28408,28408,28408,4096,4096,4096,3402,3451,3477,2546,2624,2631,73.7757171834251,75.46735691688237,77.336860670194,1467,1475,1552,99.0,99.0,99.1,2312738,2352983,2380425,20671,23484,23867,344,493,515,94.31212121212121,95.30857142857143,95.95428571428572,1495.3333333333333,1512.44,1523.2371428571428,,,,,,,,,,,,,,,,,,,,,,,,,,,,,,,,,,,,,,,,,,,,,,,,,,,,,,,,,,,,,,,,,,,,,
E026-pool-generalization,P0,prose,32k,sleep100us,3,3,1929.6,1958.6,1972.6,158.5,166.1,166.5,14.55079344700789,14.666381405957509,14.882497448998038,39.19718301098328,39.48041297803866,40.49530190497171,28408,28408,28408,4096,4096,4096,3402,3451,3477,2546,2624,2631,73.7757171834251,75.46735691688237,77.336860670194,1467,1475,1552,99.0,99.0,99.1,2312738,2352983,2380425,20671,23484,23867,344,493,515,21.56153846153846,21.624,22.032,278.1576923076923,293.31600000000003,301.26,,,,,,,,,,,,,,,,,,,,,,,,,,,,,,,,,,,,,,,,,,,,,,,,,,,,,,,,,,,,,,,,,,,,,
E026-pool-generalization,P0,prose,128k,default,3,3,3194.5,3212.0,3213.0,148.2,152.2,152.3,39.76164229999995,40.08028626802843,40.262157106015366,66.65515291702468,67.17026071000146,67.70438350300537,126717,126717,126717,4096,4096,4096,3377,3426,3471,2547,2590,2590,73.37942955920484,75.59836544074723,76.69529167900504,1506,1506,1550,99.0,99.0,99.1,2320303,2343512,2387357,22294,23011,23346,429,502,526,96.06296296296296,97.79629629629629,98.11481481481482,1526.4259259259259,1554.7518518518518,1559.2259259259258,,,,,,,,,,,,,,,,,,,,,,,,,,,,,,,,,,,,,,,,,,,,,,,,,,,,,,,,,,,,,,,,,,,,,
E026-pool-generalization,P0,prose,128k,sleep100us,3,3,3087.9,3314.2,3330.9,156.0,160.5,161.1,38.371070664026774,38.551437748013996,41.631713382026646,63.883456106996164,63.968711523048114,67.87474928499432,126717,126717,126717,4096,4096,4096,3377,3426,3471,2547,2590,2590,73.37942955920484,75.59836544074723,76.69529167900504,1506,1506,1550,99.0,99.0,99.1,2320303,2343512,2387357,22294,23011,23346,429,502,526,17.473076923076924,18.464,18.768,253.51153846153846,261.352,264.492,,,,,,,,,,,,,,,,,,,,,,,,,,,,,,,,,,,,,,,,,,,,,,,,,,,,,,,,,,,,,,,,,,,,,
E027-pool-baseline,P1,standard,32k,default,3,3,3586.4,3603.2,3617.6,133.1,148.8,169.3,7.9888260459993035,7.993858528032433,8.052687421033625,32.17041046300437,35.51309286203468,38.81583314604359,28378,28379,28381,4096,4096,4096,3170,3343,3352,2685,2711,2858,80.10143198090692,81.0948250074783,90.15772870662461,1241,1386,1413,98.3,98.5,98.7,2080504,2234513,2257334,28933,34264,35552,933,1143,1224,95.55357142857143,95.772,97.98,1516.2357142857143,1519.868,1554.3,,,,,,,,,,,,,,,,,,,,,,,,,,,,,,,,,,,,,,,,,,,,,,,,,,,,,,,,,,,,,,,,,,,,,
E027-pool-baseline,P1,standard,32k,sleep100us,3,3,3598.8,3613.2,3629.1,166.3,166.9,177.4,7.949853874044493,7.988999186025467,7.999497828015592,31.085394604015164,32.47767424402991,32.6089637199766,28378,28379,28381,4096,4096,4096,3170,3343,3352,2685,2711,2858,80.10143198090692,81.0948250074783,90.15772870662461,1241,1386,1413,98.3,98.5,98.7,2080504,2234513,2257334,28933,34264,35552,933,1143,1224,24.248,26.836,30.6375,329.04,367.124,400.74583333333334,,,,,,,,,,,,,,,,,,,,,,,,,,,,,,,,,,,,,,,,,,,,,,,,,,,,,,,,,,,,,,,,,,,,,
E027-pool-baseline,P1,standard,128k,default,3,3,3986.9,3988.1,4037.7,102.3,124.8,139.2,31.892623987980187,32.26232159801293,32.31004191201646,61.70663952501491,65.09504647302674,71.94453565095318,126715,126716,126719,4096,4096,4096,3449,3481,3496,2637,2648,2656,75.75409365124965,75.97254004576659,76.77587706581618,1441,1449,1459,98.1,98.2,98.2,2305764,2326215,2327002,41923,42755,43557,1443,1622,1719,97.2225,98.68181818181819,98.7,1542.74,1566.2931034482758,1566.7363636363636,,,,,,,,,,,,,,,,,,,,,,,,,,,,,,,,,,,,,,,,,,,,,,,,,,,,,,,,,,,,,,,,,,,,,
E027-pool-baseline,P1,standard,128k,sleep100us,3,3,3977.1,3985.6,4060.4,142.6,144.2,145.7,31.684036015009042,32.34610519895796,32.357609748025425,59.794016239990015,60.73977822996676,61.08149464702001,126715,126716,126719,4096,4096,4096,3449,3481,3496,2637,2648,2656,75.75409365124965,75.97254004576659,76.77587706581618,1441,1449,1459,98.1,98.2,98.2,2305764,2326215,2327002,41923,42755,43557,1443,1622,1719,28.62857142857143,29.586206896551726,29.764285714285712,391.62857142857143,392.1642857142857,396.5344827586207,,,,,,,,,,,,,,,,,,,,,,,,,,,,,,,,,,,,,,,,,,,,,,,,,,,,,,,,,,,,,,,,,,,,,
E029-persistent-runtime,P2,standard,32k,off,3,3,3550.5,3572.1,3690.5,166.2,167.6,197.1,7.766468384012114,8.078604787006043,8.124601343995892,28.535344028030522,32.506932568969205,32.77005566103617,28378,28379,28381,4096,4096,4096,3170,3343,3352,2685,2711,2858,80.10143198090692,81.0948250074783,90.15772870662461,1241,1386,1413,98.3,98.5,98.7,2080504,2234513,2257334,28933,34264,35552,933,1143,1224,,,,,,,1.900212314225053,1.955988455988456,2.3029814665592263,29866,35407,36776,24.276190476190475,25.4875,27.34583333333333,343.68333333333334,365.3047619047619,370.70416666666665,43.333333333333336,45.916666666666664,46.25,53.857142857142854,54.958333333333336,55.0,185.54500000000002,185.90791666666667,189.01142857142858,210.79208333333332,210.89208333333335,221.16857142857143,23832.0,23832.0,23832.0,23952.0,23952.0,23952.0,,,,,,,,,,,,,,,,,,,,,,,,,,,,,,,,,,,,,,,
E029-persistent-runtime,P2,standard,32k,on,3,3,3530.6,3571.2,3668.4,156.3,160.5,181.7,7.809461281984113,8.07706830999814,8.184575915976893,30.340816612006165,33.59831862302963,34.384571372997016,28378,28379,28381,4096,4096,4096,3259,3279,3298,2710,2803,2828,82.17101273499091,86.00797790733354,86.2458066483684,1269,1295,1387,96.9,97.0,97.6,2109607,2116228,2190475,54602,64771,68387,3723,4921,5046,,,,,,,1.953857245854362,2.1644787644787646,2.228526398739165,58325,69692,73433,31.982608695652175,33.246153846153845,36.832,450.3538461538462,496.9304347826087,508.672,44.130434782608695,45.64,46.03846153846154,53.04,53.69230769230769,56.82608695652174,176.91479999999999,177.005,184.57478260869564,201.5008,202.0003846153846,214.14260869565217,23832.0,23832.0,23832.0,23952.0,23952.0,23952.0,1452,1765,1793,2911334400,3530291200,3608806400,1417,1752,1778,13,15,35,1388,1739,1757,1417,1752,1778,0,0,0,0,2,2,106345,149654,173571,6148,8900,9413,227400,227700,234250,165.878,264.785,275.086,33.997,34.318,37.522
E029-persistent-runtime,P2,standard,128k,off,3,3,3981.4,3985.6,4183.0,142.8,145.2,158.8,30.54729714099085,32.25621570402291,32.32960971700959,56.33232283499092,60.4550971990102,61.009096419031266,126715,126716,126719,4096,4096,4096,3449,3481,3496,2637,2648,2656,75.75409365124965,75.97254004576659,76.77587706581618,1441,1449,1459,98.1,98.2,98.2,2305764,2326215,2327002,41923,42755,43557,1443,1622,1719,,,,,,,1.8074023303632625,1.8274672187715666,1.8431644691186675,43545,44198,45276,24.096153846153847,29.09642857142857,30.1,356.8346153846154,391.9607142857143,400.275,46.357142857142854,46.65384615384615,47.535714285714285,54.214285714285715,54.57692307692308,54.82142857142857,177.12535714285715,179.44178571428571,185.275,202.2942857142857,203.00107142857144,212.3753846153846,23828.0,23828.0,23828.0,23952.0,23952.0,23952.0,,,,,,,,,,,,,,,,,,,,,,,,,,,,,,,,,,,,,,,
E029-persistent-runtime,P2,standard,128k,on,3,3,3987.5,4221.3,4307.9,135.1,138.1,148.2,29.694344240007922,30.49583867099136,32.31857291399501,57.336600648995955,60.150540061993524,62.62726742896484,126715,126716,126719,4096,4096,4096,3435,3480,3492,2652,2659,2684,76.14547537227949,76.20689655172414,78.136826783115,1412,1438,1447,96.8,96.8,96.9,2245881,2285212,2285793,73250,74591,75369,5819,5917,6088,,,,,,,1.8327574291637871,1.849095966620306,1.9008498583569404,79167,80679,81188,32.482142857142854,34.79,35.306666666666665,473.0642857142857,481.62,484.3,46.42857142857143,46.7,47.03333333333333,53.1,53.32142857142857,53.56666666666667,172.362,174.10866666666666,178.03428571428572,196.116,196.93,202.66214285714287,23830.0,23830.0,23830.0,23952.0,23952.0,23952.0,2300,2388,2524,4584192000,4770227200,5059456000,2247,2344,2486,38,44,53,2209,2314,2443,2247,2344,2486,0,0,0,0,0,3,179503,190184,213502,13735,14818,14884,242350,246350,246500,230.116,273.196,285.884,52.061,53.053,56.55
