profile,layer,phase,phase_name,all_median_us,all_p95_us,CPU_zero_median_us,CPU_nonzero_median_us,CPU_nonzero_p95_us,mapped_nonzero_median_us,mapped_nonzero_n,source
32k,2,0,GPU plan waitA plus mapped plan copy,9.216000325977802,31.74399957060814,9.216000325977802,9.216000325977802,17.76640042662617,9.216000325977802,33,/srv/ai/research/iq3s-residency-20261004T230051Z/experiments/E011-miss-waits/v1/32k/analysis.json
32k,2,1,resident grouped native expert compute,78.84799689054489,91.13600105047226,77.82399654388428,80.89599758386612,90.11200070381165,74.75200295448303,33,/srv/ai/research/iq3s-residency-20261004T230051Z/experiments/E011-miss-waits/v1/32k/analysis.json
32k,2,2,waitB plus staging/fetch and mapped native grouped compute,9.216000325977802,9.216000325977802,9.216000325977802,9.216000325977802,164.86400365829468,165.8879965543747,33,/srv/ai/research/iq3s-residency-20261004T230051Z/experiments/E011-miss-waits/v1/32k/analysis.json
32k,2,3,CPU-completion waitM kernel only,5.119999870657921,22.52800017595291,5.119999870657921,5.119999870657921,65.89439995586869,6.144000217318535,33,/srv/ai/research/iq3s-residency-20261004T230051Z/experiments/E011-miss-waits/v1/32k/analysis.json
32k,24,0,GPU plan waitA plus mapped plan copy,8.191999979317188,19.45599913597107,8.191999979317188,8.191999979317188,14.336000196635723,8.191999979317188,25,/srv/ai/research/iq3s-residency-20261004T230051Z/experiments/E011-miss-waits/v1/32k/analysis.json
32k,24,1,resident grouped native expert compute,71.68000191450119,89.08800035715103,69.63200122117996,75.77600330114365,89.08800035715103,73.72800260782242,25,/srv/ai/research/iq3s-residency-20261004T230051Z/experiments/E011-miss-waits/v1/32k/analysis.json
32k,24,2,waitB plus staging/fetch and mapped native grouped compute,9.216000325977802,9.216000325977802,9.216000325977802,9.216000325977802,163.27679976820946,163.83999586105347,25,/srv/ai/research/iq3s-residency-20261004T230051Z/experiments/E011-miss-waits/v1/32k/analysis.json
32k,24,3,CPU-completion waitM kernel only,4.095999989658594,25.599999353289604,4.095999989658594,4.095999989658594,65.68959988653651,4.095999989658594,25,/srv/ai/research/iq3s-residency-20261004T230051Z/experiments/E011-miss-waits/v1/32k/analysis.json
32k,40,0,GPU plan waitA plus mapped plan copy,9.216000325977802,16.383999958634377,9.216000325977802,9.216000325977802,16.23039990663525,8.704000152647495,6,/srv/ai/research/iq3s-residency-20261004T230051Z/experiments/E011-miss-waits/v1/32k/analysis.json
32k,40,1,resident grouped native expert compute,73.72800260782242,98.30400347709656,69.63200122117996,79.8719972372055,98.15040342509744,87.0399996638298,6,/srv/ai/research/iq3s-residency-20261004T230051Z/experiments/E011-miss-waits/v1/32k/analysis.json
32k,40,2,waitB plus staging/fetch and mapped native grouped compute,9.216000325977802,10.239999741315842,9.216000325977802,9.216000325977802,10.239999741315842,192.51199811697006,6,/srv/ai/research/iq3s-residency-20261004T230051Z/experiments/E011-miss-waits/v1/32k/analysis.json
32k,40,3,CPU-completion waitM kernel only,4.095999989658594,28.672000393271446,4.095999989658594,4.095999989658594,69.47840116918084,4.095999989658594,6,/srv/ai/research/iq3s-residency-20261004T230051Z/experiments/E011-miss-waits/v1/32k/analysis.json
128k,2,0,GPU plan waitA plus mapped plan copy,9.216000325977802,18.636799603700453,14.336000196635723,9.216000325977802,25.855999439954758,9.216000325977802,40,/srv/ai/research/iq3s-residency-20261004T230051Z/experiments/E011-miss-waits/v1/128k/analysis.json
128k,2,1,resident grouped native expert compute,72.7040022611618,89.08800035715103,69.63200122117996,74.75200295448303,88.06400001049042,72.7040022611618,40,/srv/ai/research/iq3s-residency-20261004T230051Z/experiments/E011-miss-waits/v1/128k/analysis.json
128k,2,2,waitB plus staging/fetch and mapped native grouped compute,9.216000325977802,10.239999741315842,9.216000325977802,9.216000325977802,163.83999586105347,166.4000004529953,40,/srv/ai/research/iq3s-residency-20261004T230051Z/experiments/E011-miss-waits/v1/128k/analysis.json
128k,2,3,CPU-completion waitM kernel only,5.119999870657921,62.463998794555664,5.119999870657921,6.144000217318535,124.15999732911587,6.144000217318535,40,/srv/ai/research/iq3s-residency-20261004T230051Z/experiments/E011-miss-waits/v1/128k/analysis.json
128k,24,0,GPU plan waitA plus mapped plan copy,8.191999979317188,32.563200592993944,8.191999979317188,8.191999979317188,17.40800030529499,8.191999979317188,35,/srv/ai/research/iq3s-residency-20261004T230051Z/experiments/E011-miss-waits/v1/128k/analysis.json
128k,24,1,resident grouped native expert compute,65.5359998345375,84.58239883184423,63.48799914121628,68.60800087451935,86.01599931716919,73.72800260782242,35,/srv/ai/research/iq3s-residency-20261004T230051Z/experiments/E011-miss-waits/v1/128k/analysis.json
128k,24,2,waitB plus staging/fetch and mapped native grouped compute,9.216000325977802,10.239999741315842,9.216000325977802,9.216000325977802,165.47839939594266,168.96000504493713,35,/srv/ai/research/iq3s-residency-20261004T230051Z/experiments/E011-miss-waits/v1/128k/analysis.json
128k,24,3,CPU-completion waitM kernel only,4.095999989658594,52.8383992612361,4.095999989658594,4.095999989658594,112.23040074110028,5.119999870657921,35,/srv/ai/research/iq3s-residency-20261004T230051Z/experiments/E011-miss-waits/v1/128k/analysis.json
128k,40,0,GPU plan waitA plus mapped plan copy,9.216000325977802,16.383999958634377,9.216000325977802,9.216000325977802,17.40800030529499,9.216000325977802,16,/srv/ai/research/iq3s-residency-20261004T230051Z/experiments/E011-miss-waits/v1/128k/analysis.json
128k,40,1,resident grouped native expert compute,66.56000018119812,93.18400174379349,61.43999844789505,74.75200295448303,94.2080020904541,75.77600330114365,16,/srv/ai/research/iq3s-residency-20261004T230051Z/experiments/E011-miss-waits/v1/128k/analysis.json
128k,40,2,waitB plus staging/fetch and mapped native grouped compute,9.216000325977802,10.239999741315842,9.216000325977802,9.216000325977802,11.008000001311302,195.0720027089119,16,/srv/ai/research/iq3s-residency-20261004T230051Z/experiments/E011-miss-waits/v1/128k/analysis.json
128k,40,3,CPU-completion waitM kernel only,4.095999989658594,68.198400735855,4.095999989658594,4.095999989658594,149.50399845838547,5.119999870657921,16,/srv/ai/research/iq3s-residency-20261004T230051Z/experiments/E011-miss-waits/v1/128k/analysis.json
