actual_tokens,n_each,metric,v0131,v0132,delta_percent
8000,2,pp_tps,1519.75,1570.9,3.3656851455831527
8000,2,tg_tps,105.45,95.94999999999999,-9.009009009009016
8000,2,ttft_s,5.300931695503095,5.15504433499882,-2.7521079101629486
8000,2,total_wall_s,7.721592107500328,7.830203729998175,1.4065962172794322
16000,2,pp_tps,2089.55,2156.8500000000004,3.220789165131266
16000,2,tg_tps,102.80000000000001,89.80000000000001,-12.645914396887159
16000,2,ttft_s,7.733997651503159,7.522968862998823,-2.728586146691181
16000,2,total_wall_s,10.210856163503195,10.39277806750033,1.7816518133648929
31400,3,pp_tps,2546.6,2614.9,2.6820073823922153
31400,3,tg_tps,106.7,120.7,13.120899718837853
31400,3,ttft_s,12.426166535995435,12.090956312000344,-2.697615737114678
31400,3,total_wall_s,14.810106366996479,14.19662518700352,-4.142314476282694
63400,3,pp_tps,3004.0,3045.0,1.3648468708388872
63400,3,tg_tps,92.4,106.4,15.15151515151516
63400,3,ttft_s,21.252439568001137,20.962908633999177,-1.362342111716408
63400,3,total_wall_s,23.979046264001227,23.347764630998427,-2.6326386214555852
127000,3,pp_tps,3271.7,3296.5,0.7580157104869034
127000,3,tg_tps,87.3,101.1,15.807560137457033
127000,3,ttft_s,39.11151377300121,38.79916140699788,-0.7986199864729926
127000,3,total_wall_s,42.01744362699537,41.34957941400353,-1.5894927328771513
259500,3,pp_tps,3508.7,3521.3,0.3591073617009277
259500,3,tg_tps,91.7,87.5,-4.580152671755733
259500,3,ttft_s,74.46654435300297,74.2459394739999,-0.29624696690276897
259500,3,total_wall_s,77.4050675949984,77.15975225099828,-0.3169241389771371
