experiment,attempt,name,profile,valid,attempted,invalid,source_sha,binary_sha256,config_path,actual_input_tokens_min,actual_input_tokens_median,actual_input_tokens_max,actual_output_tokens_min,actual_output_tokens_median,actual_output_tokens_max,PP_min,PP_median,PP_max,TG_min,TG_median,TG_max,TTFT_s_min,TTFT_s_median,TTFT_s_max,wall_s_min,wall_s_median,wall_s_max,mtp_proposed_min,mtp_proposed_median,mtp_proposed_max,mtp_accepted_min,mtp_accepted_median,mtp_accepted_max,mtp_acceptance_pct_min,mtp_acceptance_pct_median,mtp_acceptance_pct_max,mtp_accepted_per_window_min,mtp_accepted_per_window_median,mtp_accepted_per_window_max,verify_windows_min,verify_windows_median,verify_windows_max,mean_decode_window_latency_ms_min,mean_decode_window_latency_ms_median,mean_decode_window_latency_ms_max,hit_rate_pct_min,hit_rate_pct_median,hit_rate_pct_max,all_demand_local_pct_min,all_demand_local_pct_median,all_demand_local_pct_max,local_vram_entries_min,local_vram_entries_median,local_vram_entries_max,cpu_fallback_entries_min,cpu_fallback_entries_median,cpu_fallback_entries_max,offloaded_entries_min,offloaded_entries_median,offloaded_entries_max,raw_paths
E002-controls,v1,CURRENT control,32k,3,3,0,6f32ec070f23ced9f50e704d854d775da52591ab,eca9d0d271340a114955d5af8038dbffa139ad096ef0d470bcfea9009d4f8d0d,/srv/ai/research/iq3s-residency-20261004T230051Z/experiments/E002-controls/v1/32k/config.json,28378,28379,28381,4096,4096,4096,3567.2,4739.5,4779.1,153.3,155.9,157.8,6.086332252016291,6.128677561995573,8.079982090042904,32.3931571750436,32.775394209020305,34.06896583503112,3170,3259,3264,2795,2811,2858,85.76250383553237,86.12132352941177,90.15772870662461,2.1466973886328726,2.184149184149184,2.3029814665592263,1241,1287,1302,20.176958525345622,20.762781662781663,20.913698630136988,98.3,98.8,98.8,98.26305448499963,98.73905918113235,98.78165424249069,2080504,2156935,2162607,26184,27006,35552,489,539,1224,/srv/ai/research/iq3s-residency-20261004T230051Z/experiments/E002-controls/v1/32k/raw/run1.json;/srv/ai/research/iq3s-residency-20261004T230051Z/experiments/E002-controls/v1/32k/raw/run2.json;/srv/ai/research/iq3s-residency-20261004T230051Z/experiments/E002-controls/v1/32k/raw/run3.json
E002-controls,v1,CURRENT control,128k,3,3,0,6f32ec070f23ced9f50e704d854d775da52591ab,eca9d0d271340a114955d5af8038dbffa139ad096ef0d470bcfea9009d4f8d0d,/srv/ai/research/iq3s-residency-20261004T230051Z/experiments/E002-controls/v1/128k/config.json,126715,126716,126719,4096,4096,4096,3979.8,5985.2,6012.7,124.2,133.2,153.1,21.581710316997487,21.68817100598244,32.31644972303184,48.30807200400159,54.640024421038106,63.0864540800103,3436,3449,3450,2648,2686,2733,76.77587706581618,77.85507246376811,79.54016298020954,1.8274672187715666,1.9049645390070922,2.005135730007337,1363,1410,1449,19.62318415260455,21.22767425810904,23.38567375886525,98.1,98.1,98.6,98.07421396488363,98.08671077307773,98.58569101508917,2259447,2299807,2305764,32207,42738,43557,786,1335,1719,/srv/ai/research/iq3s-residency-20261004T230051Z/experiments/E002-controls/v1/128k/raw/run1.json;/srv/ai/research/iq3s-residency-20261004T230051Z/experiments/E002-controls/v1/128k/raw/run2.json;/srv/ai/research/iq3s-residency-20261004T230051Z/experiments/E002-controls/v1/128k/raw/run3.json
E006-frequency,v1,Frequency,32k,3,3,0,6f32ec070f23ced9f50e704d854d775da52591ab,81be146d9e2bf47334ca39d5dace8269aede9a7caea24c5125c48639f4f76d07,/srv/ai/research/iq3s-residency-20261004T230051Z/experiments/E006-frequency/v1/32k/config.json,28378,28379,28381,4096,4096,4096,3627.0,4740.5,4757.8,134.6,144.9,150.6,6.106265034002718,6.124811540008523,7.968645774002653,33.31622027797857,34.36422445898643,38.38182816200424,3259,3331,3349,2702,2710,2781,80.68080023887728,81.35694986490543,85.33292420988033,1.9383070301291248,1.951043916486681,2.11322188449848,1316,1389,1394,19.517073170731706,21.48647416413374,21.90856731461483,98.8,98.9,99.0,98.77065677966101,98.87601904561107,98.99280510018215,2173882,2237748,2251051,21634,25072,26941,484,517,911,/srv/ai/research/iq3s-residency-20261004T230051Z/experiments/E006-frequency/v1/32k/raw/run1.json;/srv/ai/research/iq3s-residency-20261004T230051Z/experiments/E006-frequency/v1/32k/raw/run2.json;/srv/ai/research/iq3s-residency-20261004T230051Z/experiments/E006-frequency/v1/32k/raw/run3.json
E006-frequency,v1,Frequency,128k,3,3,0,6f32ec070f23ced9f50e704d854d775da52591ab,81be146d9e2bf47334ca39d5dace8269aede9a7caea24c5125c48639f4f76d07,/srv/ai/research/iq3s-residency-20261004T230051Z/experiments/E006-frequency/v1/128k/config.json,126715,126716,126719,4096,4096,4096,4012.9,6007.4,6016.0,121.5,131.3,135.3,21.564718335983343,21.58176823903341,32.05056542099919,51.8236863539787,55.25466510804836,63.22985767002683,3458,3477,3488,2622,2624,2676,75.22935779816514,75.40983606557377,77.38577212261423,1.7776271186440677,1.7789830508474576,1.8818565400843883,1422,1475,1475,21.145423728813558,21.28396624472574,22.847186440677966,98.1,98.3,98.6,98.08298072402445,98.23988217213115,98.56998014270329,2301171,2336572,2342969,33010,39574,44278,981,1390,1655,/srv/ai/research/iq3s-residency-20261004T230051Z/experiments/E006-frequency/v1/128k/raw/run1.json;/srv/ai/research/iq3s-residency-20261004T230051Z/experiments/E006-frequency/v1/128k/raw/run2.json;/srv/ai/research/iq3s-residency-20261004T230051Z/experiments/E006-frequency/v1/128k/raw/run3.json
E010-compatible-runtime,v1,Compatible selector,32k,3,3,0,291deaecbd1ba46cf434559b33f7018c3973feb2,7468f2e116a1c4ad75e37ec5c1c60636ad4cbc5533f3e29a7923c4e8ec26d3f3,/srv/ai/research/iq3s-residency-20261004T230051Z/experiments/E010-compatible-runtime/v1/32k/config.json,28378,28379,28381,4096,4096,4096,3545.3,4745.3,4754.9,136.7,150.2,167.8,6.107783930026926,6.115304920007475,8.142602613021154,32.53967032802757,33.361821244005114,36.0875382850063,3271,3281,3282,2769,2784,2819,84.3692870201097,84.85217921365437,86.18159584225008,2.085090361445783,2.1219512195121952,2.2057902973395933,1278,1312,1328,18.60815548780488,21.34053208137715,22.5644578313253,98.4,98.9,98.9,98.382729153059,98.89691793203181,98.91858100681469,2159907,2168985,2188391,23277,23869,34493,336,540,1162,/srv/ai/research/iq3s-residency-20261004T230051Z/experiments/E010-compatible-runtime/v1/32k/raw/run1.json;/srv/ai/research/iq3s-residency-20261004T230051Z/experiments/E010-compatible-runtime/v1/32k/raw/run2.json;/srv/ai/research/iq3s-residency-20261004T230051Z/experiments/E010-compatible-runtime/v1/32k/raw/run3.json
E010-compatible-runtime,v1,Compatible selector,128k,3,3,0,291deaecbd1ba46cf434559b33f7018c3973feb2,7468f2e116a1c4ad75e37ec5c1c60636ad4cbc5533f3e29a7923c4e8ec26d3f3,/srv/ai/research/iq3s-residency-20261004T230051Z/experiments/E010-compatible-runtime/v1/128k/config.json,126715,126716,126719,4096,4096,4096,4294.5,5994.7,6040.9,155.8,157.8,158.5,21.255490574985743,21.401281302969437,29.8793004140025,47.33914282399928,47.52851036499487,55.70835801400244,3411,3421,3481,2685,2708,2709,77.13300775639185,79.18737211341713,79.39020815010261,1.900212314225053,1.9482014388489208,1.9531362653208364,1387,1390,1413,18.605732484076434,18.63316510454218,18.668992805755398,98.2,98.4,98.5,98.14883180809761,98.3484028061572,98.47727036034159,2265118,2269389,2310322,34170,37720,41085,921,1078,1637,/srv/ai/research/iq3s-residency-20261004T230051Z/experiments/E010-compatible-runtime/v1/128k/raw/run1.json;/srv/ai/research/iq3s-residency-20261004T230051Z/experiments/E010-compatible-runtime/v1/128k/raw/run2.json;/srv/ai/research/iq3s-residency-20261004T230051Z/experiments/E010-compatible-runtime/v1/128k/raw/run3.json
E013-compatible-fast,v1,Compatible heap repair,32k,3,3,0,4440118f1fa098e6ff8abcfc67b591a9037b14c7,6464d947cc1b20089c59bb03f680073eed653a6cfde92d35c3f6969f7887ae6e,/srv/ai/research/iq3s-residency-20261004T230051Z/experiments/E013-compatible-fast/v1/32k/config.json,28378,28379,28381,4096,4096,4096,3589.9,4755.8,4764.0,143.3,163.5,164.9,6.112933664990123,6.121032144001219,8.040976498974487,30.939250251976773,31.148789862985723,36.61610990902409,3271,3281,3282,2769,2784,2819,84.3692870201097,84.85217921365437,86.18159584225008,2.085090361445783,2.1219512195121952,2.2057902973395933,1278,1312,1328,18.86468373493976,19.441627543035995,21.789405487804878,98.4,98.9,98.9,98.382729153059,98.89691793203181,98.91858100681469,2159907,2168985,2188391,23277,23869,34493,336,540,1162,/srv/ai/research/iq3s-residency-20261004T230051Z/experiments/E013-compatible-fast/v1/32k/raw/run1.json;/srv/ai/research/iq3s-residency-20261004T230051Z/experiments/E013-compatible-fast/v1/32k/raw/run2.json;/srv/ai/research/iq3s-residency-20261004T230051Z/experiments/E013-compatible-fast/v1/32k/raw/run3.json
E013-compatible-fast,v1,Compatible heap repair,128k,3,3,0,4440118f1fa098e6ff8abcfc67b591a9037b14c7,6464d947cc1b20089c59bb03f680073eed653a6cfde92d35c3f6969f7887ae6e,/srv/ai/research/iq3s-residency-20261004T230051Z/experiments/E013-compatible-fast/v1/128k/config.json,126715,126716,126719,4096,4096,4096,4002.6,5959.7,5968.5,132.5,134.3,135.9,21.70429465395864,21.775885631039273,32.124794521019794,51.89683318400057,52.17905794194667,63.06768638105132,3411,3421,3481,2685,2708,2709,77.13300775639185,79.18737211341713,79.39020815010261,1.900212314225053,1.9482014388489208,1.9531362653208364,1387,1390,1413,21.58287331917905,21.68043165467626,22.288103821196827,98.2,98.4,98.5,98.14883180809761,98.3484028061572,98.47727036034159,2265118,2269389,2310322,34170,37720,41085,921,1078,1637,/srv/ai/research/iq3s-residency-20261004T230051Z/experiments/E013-compatible-fast/v1/128k/raw/run1.json;/srv/ai/research/iq3s-residency-20261004T230051Z/experiments/E013-compatible-fast/v1/128k/raw/run2.json;/srv/ai/research/iq3s-residency-20261004T230051Z/experiments/E013-compatible-fast/v1/128k/raw/run3.json
E014-policy-off-guard,v1,Same-binary policy OFF,32k,3,3,0,291deaecbd1ba46cf434559b33f7018c3973feb2,7468f2e116a1c4ad75e37ec5c1c60636ad4cbc5533f3e29a7923c4e8ec26d3f3,/srv/ai/research/iq3s-residency-20261004T230051Z/experiments/E014-policy-off-guard/v1/32k/config.json,28378,28379,28381,4096,4096,4096,3521.2,4759.9,4759.9,169.2,174.5,179.7,6.093810398946516,6.105548944033217,8.181370390986558,29.552210228983313,30.29641301301308,30.95162894402165,3170,3259,3264,2795,2811,2858,85.76250383553237,86.12132352941177,90.15772870662461,2.1466973886328726,2.184149184149184,2.3029814665592263,1241,1287,1302,18.031490015360983,18.36253021756648,18.809712509712508,98.3,98.8,98.8,98.26305448499963,98.73905918113235,98.78165424249069,2080504,2156935,2162607,26184,27006,35552,489,539,1224,/srv/ai/research/iq3s-residency-20261004T230051Z/experiments/E014-policy-off-guard/v1/32k/raw/run1.json;/srv/ai/research/iq3s-residency-20261004T230051Z/experiments/E014-policy-off-guard/v1/32k/raw/run2.json;/srv/ai/research/iq3s-residency-20261004T230051Z/experiments/E014-policy-off-guard/v1/32k/raw/run3.json
E014-policy-off-guard,v1,Same-binary policy OFF,128k,3,3,0,291deaecbd1ba46cf434559b33f7018c3973feb2,7468f2e116a1c4ad75e37ec5c1c60636ad4cbc5533f3e29a7923c4e8ec26d3f3,/srv/ai/research/iq3s-residency-20261004T230051Z/experiments/E014-policy-off-guard/v1/128k/config.json,126715,126716,126719,4096,4096,4096,3993.8,5974.8,6000.5,122.0,139.2,141.9,21.654586111020762,21.700001657998655,32.21339357900433,50.51273046701681,51.10635274701053,65.7825856229756,3436,3449,3450,2648,2686,2733,76.77587706581618,77.85507246376811,79.54016298020954,1.8274672187715666,1.9049645390070922,2.005135730007337,1363,1410,1449,20.866666666666667,21.18503301540719,23.173360938578327,98.1,98.1,98.6,98.07421396488363,98.08671077307773,98.58569101508917,2259447,2299807,2305764,32207,42738,43557,786,1335,1719,/srv/ai/research/iq3s-residency-20261004T230051Z/experiments/E014-policy-off-guard/v1/128k/raw/run1.json;/srv/ai/research/iq3s-residency-20261004T230051Z/experiments/E014-policy-off-guard/v1/128k/raw/run2.json;/srv/ai/research/iq3s-residency-20261004T230051Z/experiments/E014-policy-off-guard/v1/128k/raw/run3.json
E016-device-plan-ids,v2,Safe device plan,32k,3,3,0,ad38d9ecfece5a29a369548073570f3112014291,9f229d855cee874e9ecd0cba94083272e5a6c7f8e0158d3de514ebf713c83c8c,/srv/ai/research/iq3s-residency-20261004T230051Z/experiments/E016-device-plan-ids/v2/32k/config.json,28378,28379,28381,4096,4096,4096,3583.2,4735.7,4769.7,151.5,152.3,157.1,6.097917188948486,6.129870217002463,8.04925156099489,32.1682860449655,32.99918445700314,35.09406843298348,3170,3259,3264,2795,2811,2858,85.76250383553237,86.12132352941177,90.15772870662461,2.1466973886328726,2.184149184149184,2.3029814665592263,1241,1287,1302,20.264413364413365,20.652073732718893,21.789605157131348,98.3,98.8,98.8,98.26305448499963,98.73905918113235,98.78165424249069,2080504,2156935,2162607,26184,27006,35552,489,539,1224,/srv/ai/research/iq3s-residency-20261004T230051Z/experiments/E016-device-plan-ids/v2/32k/raw/run1.json;/srv/ai/research/iq3s-residency-20261004T230051Z/experiments/E016-device-plan-ids/v2/32k/raw/run2.json;/srv/ai/research/iq3s-residency-20261004T230051Z/experiments/E016-device-plan-ids/v2/32k/raw/run3.json
E016-device-plan-ids,v2,Safe device plan,128k,3,3,0,ad38d9ecfece5a29a369548073570f3112014291,9f229d855cee874e9ecd0cba94083272e5a6c7f8e0158d3de514ebf713c83c8c,/srv/ai/research/iq3s-residency-20261004T230051Z/experiments/E016-device-plan-ids/v2/128k/config.json,126715,126716,126719,4096,4096,4096,4009.7,5989.8,6001.9,123.3,133.3,136.4,21.645526456995867,21.67670224100584,32.14471115503693,52.34737698995741,54.89383466099389,62.146160422009416,3436,3449,3450,2648,2686,2733,76.77587706581618,77.85507246376811,79.54016298020954,1.8274672187715666,1.9049645390070922,2.005135730007337,1363,1410,1449,20.717460317460315,22.543360234776227,23.568936170212766,98.1,98.1,98.6,98.07421396488363,98.08671077307773,98.58569101508917,2259447,2299807,2305764,32207,42738,43557,786,1335,1719,/srv/ai/research/iq3s-residency-20261004T230051Z/experiments/E016-device-plan-ids/v2/128k/raw/run1.json;/srv/ai/research/iq3s-residency-20261004T230051Z/experiments/E016-device-plan-ids/v2/128k/raw/run2.json;/srv/ai/research/iq3s-residency-20261004T230051Z/experiments/E016-device-plan-ids/v2/128k/raw/run3.json
E019-skip-local-host-plan,v1,Skip redundant host plan,32k,3,3,0,039ea29916d3155514688fb6d5a5de6129d69675,58aab77cd65222e9396d68b428591b44118172c1353a6e8e01f67b94ccfb649c,/srv/ai/research/iq3s-residency-20261004T230051Z/experiments/E019-skip-local-host-plan/v1/32k/config.json,28378,28379,28381,4096,4096,4096,3589.8,4758.3,4764.2,156.4,175.4,179.3,6.089675462979358,6.107563755998854,8.038139250013046,29.427713524957653,30.86391390999779,32.280161529022735,3170,3259,3264,2795,2811,2858,85.76250383553237,86.12132352941177,90.15772870662461,2.1466973886328726,2.184149184149184,2.3029814665592263,1241,1287,1302,17.933640552995392,18.40467365028203,20.350971250971252,98.3,98.8,98.8,98.26305448499963,98.73905918113235,98.78165424249069,2080504,2156935,2162607,26184,27006,35552,489,539,1224,/srv/ai/research/iq3s-residency-20261004T230051Z/experiments/E019-skip-local-host-plan/v1/32k/raw/run1.json;/srv/ai/research/iq3s-residency-20261004T230051Z/experiments/E019-skip-local-host-plan/v1/32k/raw/run2.json;/srv/ai/research/iq3s-residency-20261004T230051Z/experiments/E019-skip-local-host-plan/v1/32k/raw/run3.json
E019-skip-local-host-plan,v1,Skip redundant host plan,128k,3,3,0,039ea29916d3155514688fb6d5a5de6129d69675,58aab77cd65222e9396d68b428591b44118172c1353a6e8e01f67b94ccfb649c,/srv/ai/research/iq3s-residency-20261004T230051Z/experiments/E019-skip-local-host-plan/v1/128k/config.json,126715,126716,126719,4096,4096,4096,4013.1,6014.4,6024.9,138.7,158.7,159.3,21.3239934379817,21.529970269999467,32.082086042966694,47.112761937023606,47.23438537301263,61.594544027990196,3436,3449,3450,2648,2686,2733,76.77587706581618,77.85507246376811,79.54016298020954,1.8274672187715666,1.9049645390070922,2.005135730007337,1363,1410,1449,18.241063829787237,18.931694790902423,20.381090407177364,98.1,98.1,98.6,98.07421396488363,98.08671077307773,98.58569101508917,2259447,2299807,2305764,32207,42738,43557,786,1335,1719,/srv/ai/research/iq3s-residency-20261004T230051Z/experiments/E019-skip-local-host-plan/v1/128k/raw/run1.json;/srv/ai/research/iq3s-residency-20261004T230051Z/experiments/E019-skip-local-host-plan/v1/128k/raw/run2.json;/srv/ai/research/iq3s-residency-20261004T230051Z/experiments/E019-skip-local-host-plan/v1/128k/raw/run3.json
E022-host-plan-off-guard,v1,Same-binary host plan OFF,32k,3,3,0,039ea29916d3155514688fb6d5a5de6129d69675,58aab77cd65222e9396d68b428591b44118172c1353a6e8e01f67b94ccfb649c,/srv/ai/research/iq3s-residency-20261004T230051Z/experiments/E022-host-plan-off-guard/v1/32k/config.json,28378,28379,28381,4096,4096,4096,3515.1,4776.7,4777.5,152.6,163.6,180.3,6.066659230971709,6.09171193203656,8.218805994023569,30.924509525997564,31.113693255989347,32.89761942398036,3170,3259,3264,2795,2811,2858,85.76250383553237,86.12132352941177,90.15772870662461,2.1466973886328726,2.184149184149184,2.3029814665592263,1241,1287,1302,18.305560032232073,19.454390054390053,20.613440860215054,98.3,98.8,98.8,98.26305448499963,98.73905918113235,98.78165424249069,2080504,2156935,2162607,26184,27006,35552,489,539,1224,/srv/ai/research/iq3s-residency-20261004T230051Z/experiments/E022-host-plan-off-guard/v1/32k/raw/run1.json;/srv/ai/research/iq3s-residency-20261004T230051Z/experiments/E022-host-plan-off-guard/v1/32k/raw/run2.json;/srv/ai/research/iq3s-residency-20261004T230051Z/experiments/E022-host-plan-off-guard/v1/32k/raw/run3.json
E022-host-plan-off-guard,v1,Same-binary host plan OFF,128k,3,3,0,039ea29916d3155514688fb6d5a5de6129d69675,58aab77cd65222e9396d68b428591b44118172c1353a6e8e01f67b94ccfb649c,/srv/ai/research/iq3s-residency-20261004T230051Z/experiments/E022-host-plan-off-guard/v1/128k/config.json,126715,126716,126719,4096,4096,4096,4016.7,6030.8,6032.5,127.2,159.0,161.3,21.269224699994083,21.270633426029235,32.00232241197955,46.644146552018356,47.05649010499474,64.19536828598939,3436,3449,3450,2648,2686,2733,76.77587706581618,77.85507246376811,79.54016298020954,1.8274672187715666,1.9049645390070922,2.005135730007337,1363,1410,1449,18.271489361702127,18.627292736610418,22.231124913733613,98.1,98.1,98.6,98.07421396488363,98.08671077307773,98.58569101508917,2259447,2299807,2305764,32207,42738,43557,786,1335,1719,/srv/ai/research/iq3s-residency-20261004T230051Z/experiments/E022-host-plan-off-guard/v1/128k/raw/run1.json;/srv/ai/research/iq3s-residency-20261004T230051Z/experiments/E022-host-plan-off-guard/v1/128k/raw/run2.json;/srv/ai/research/iq3s-residency-20261004T230051Z/experiments/E022-host-plan-off-guard/v1/128k/raw/run3.json
E023-direct-parts,v1,Direct expert output rows,32k,3,3,0,f4c32199971adbd983a7d81260dbd8d591219c46,508bfa56a7ac6cf0f03bfc391a26ec047c0db576dd7ff29ac22313ec87a2a0b2,/srv/ai/research/iq3s-residency-20261004T230051Z/experiments/E023-direct-parts/v1/32k/config.json,28378,28379,28381,4096,4096,4096,3586.6,4751.5,4755.3,155.9,158.1,166.0,6.10438602900831,6.104704307042994,8.04996386601124,32.00378520600498,32.36208509799326,32.71528800902888,3170,3259,3264,2795,2811,2858,85.76250383553237,86.12132352941177,90.15772870662461,2.1466973886328726,2.184149184149184,2.3029814665592263,1241,1287,1302,19.887429492344882,19.901228878648233,20.413675213675216,98.3,98.8,98.8,98.26305448499963,98.73905918113235,98.78165424249069,2080504,2156935,2162607,26184,27006,35552,489,539,1224,/srv/ai/research/iq3s-residency-20261004T230051Z/experiments/E023-direct-parts/v1/32k/raw/run1.json;/srv/ai/research/iq3s-residency-20261004T230051Z/experiments/E023-direct-parts/v1/32k/raw/run2.json;/srv/ai/research/iq3s-residency-20261004T230051Z/experiments/E023-direct-parts/v1/32k/raw/run3.json
E023-direct-parts,v1,Direct expert output rows,128k,3,3,0,f4c32199971adbd983a7d81260dbd8d591219c46,508bfa56a7ac6cf0f03bfc391a26ec047c0db576dd7ff29ac22313ec87a2a0b2,/srv/ai/research/iq3s-residency-20261004T230051Z/experiments/E023-direct-parts/v1/128k/config.json,126715,126716,126719,4096,4096,4096,4006.3,5993.6,6041.9,133.1,160.6,163.0,21.239227502024733,21.632999129011296,32.147736193961464,46.350017877004575,47.127178101975005,62.900323920999654,3436,3449,3450,2648,2686,2733,76.77587706581618,77.85507246376811,79.54016298020954,1.8274672187715666,1.9049645390070922,2.005135730007337,1363,1410,1449,18.090567375886526,18.431768158473954,21.240786749482403,98.1,98.1,98.6,98.07421396488363,98.08671077307773,98.58569101508917,2259447,2299807,2305764,32207,42738,43557,786,1335,1719,/srv/ai/research/iq3s-residency-20261004T230051Z/experiments/E023-direct-parts/v1/128k/raw/run1.json;/srv/ai/research/iq3s-residency-20261004T230051Z/experiments/E023-direct-parts/v1/128k/raw/run2.json;/srv/ai/research/iq3s-residency-20261004T230051Z/experiments/E023-direct-parts/v1/128k/raw/run3.json
E025-direct-parts-off-guard,v1,Same-binary direct rows OFF,32k,3,3,0,f4c32199971adbd983a7d81260dbd8d591219c46,508bfa56a7ac6cf0f03bfc391a26ec047c0db576dd7ff29ac22313ec87a2a0b2,/srv/ai/research/iq3s-residency-20261004T230051Z/experiments/E025-direct-parts-off-guard/v1/32k/config.json,28378,28379,28381,4096,4096,4096,3563.6,4777.5,4780.2,157.3,169.5,172.4,6.07487776997732,6.0771316919708624,8.093699589022435,29.819651577970944,30.22523572301725,34.1166775500169,3170,3259,3264,2795,2811,2858,85.76250383553237,86.12132352941177,90.15772870662461,2.1466973886328726,2.184149184149184,2.3029814665592263,1241,1287,1302,18.463403263403265,18.557757296466974,20.98017727639001,98.3,98.8,98.8,98.26305448499963,98.73905918113235,98.78165424249069,2080504,2156935,2162607,26184,27006,35552,489,539,1224,/srv/ai/research/iq3s-residency-20261004T230051Z/experiments/E025-direct-parts-off-guard/v1/32k/raw/run1.json;/srv/ai/research/iq3s-residency-20261004T230051Z/experiments/E025-direct-parts-off-guard/v1/32k/raw/run2.json;/srv/ai/research/iq3s-residency-20261004T230051Z/experiments/E025-direct-parts-off-guard/v1/32k/raw/run3.json
E025-direct-parts-off-guard,v1,Same-binary direct rows OFF,128k,3,3,0,f4c32199971adbd983a7d81260dbd8d591219c46,508bfa56a7ac6cf0f03bfc391a26ec047c0db576dd7ff29ac22313ec87a2a0b2,/srv/ai/research/iq3s-residency-20261004T230051Z/experiments/E025-direct-parts-off-guard/v1/128k/config.json,126715,126716,126719,4096,4096,4096,4006.3,5951.5,6000.7,131.4,144.4,153.2,21.643217879987787,21.781689930008724,32.146280410001054,48.36478116194485,52.95060763898073,60.49737559701316,3436,3449,3450,2648,2686,2733,76.77587706581618,77.85507246376811,79.54016298020954,1.8274672187715666,1.9049645390070922,2.005135730007337,1363,1410,1449,19.57432712215321,19.615920763022743,22.1154609929078,98.1,98.1,98.6,98.07421396488363,98.08671077307773,98.58569101508917,2259447,2299807,2305764,32207,42738,43557,786,1335,1719,/srv/ai/research/iq3s-residency-20261004T230051Z/experiments/E025-direct-parts-off-guard/v1/128k/raw/run1.json;/srv/ai/research/iq3s-residency-20261004T230051Z/experiments/E025-direct-parts-off-guard/v1/128k/raw/run2.json;/srv/ai/research/iq3s-residency-20261004T230051Z/experiments/E025-direct-parts-off-guard/v1/128k/raw/run3.json
E024-pool-wait,v1,Existing pool sleep100us,32k,3,3,0,6f32ec070f23ced9f50e704d854d775da52591ab,eca9d0d271340a114955d5af8038dbffa139ad096ef0d470bcfea9009d4f8d0d,/srv/ai/research/iq3s-residency-20261004T230051Z/experiments/E024-pool-wait/v1/32k/config.json,28378,28379,28381,4096,4096,4096,3570.1,4734.5,4767.4,178.2,178.5,178.6,6.095674754003994,6.135549814032856,8.076154319976922,29.067419638042338,29.068931032030378,31.074919914011844,3170,3259,3264,2795,2811,2858,85.76250383553237,86.12132352941177,90.15772870662461,2.1466973886328726,2.184149184149184,2.3029814665592263,1241,1287,1302,17.622964669738863,17.81926961926962,18.524818694601127,98.3,98.8,98.8,98.26305448499963,98.73905918113235,98.78165424249069,2080504,2156935,2162607,26184,27006,35552,489,539,1224,/srv/ai/research/iq3s-residency-20261004T230051Z/experiments/E024-pool-wait/v1/32k/raw/run1.json;/srv/ai/research/iq3s-residency-20261004T230051Z/experiments/E024-pool-wait/v1/32k/raw/run2.json;/srv/ai/research/iq3s-residency-20261004T230051Z/experiments/E024-pool-wait/v1/32k/raw/run3.json
E024-pool-wait,v1,Existing pool sleep100us,128k,3,3,0,6f32ec070f23ced9f50e704d854d775da52591ab,eca9d0d271340a114955d5af8038dbffa139ad096ef0d470bcfea9009d4f8d0d,/srv/ai/research/iq3s-residency-20261004T230051Z/experiments/E024-pool-wait/v1/128k/config.json,126715,126716,126719,4096,4096,4096,4040.1,5919.7,6019.8,144.1,154.0,165.4,21.316917491029017,21.899707327014767,31.83087882003747,46.06986146402778,48.48395803599851,60.249227350985166,3436,3449,3450,2648,2686,2733,76.77587706581618,77.85507246376811,79.54016298020954,1.8274672187715666,1.9049645390070922,2.005135730007337,1363,1410,1449,18.171460014673514,18.866241134751775,19.621532091097308,98.1,98.1,98.6,98.07421396488363,98.08671077307773,98.58569101508917,2259447,2299807,2305764,32207,42738,43557,786,1335,1719,/srv/ai/research/iq3s-residency-20261004T230051Z/experiments/E024-pool-wait/v1/128k/raw/run1.json;/srv/ai/research/iq3s-residency-20261004T230051Z/experiments/E024-pool-wait/v1/128k/raw/run2.json;/srv/ai/research/iq3s-residency-20261004T230051Z/experiments/E024-pool-wait/v1/128k/raw/run3.json
