profile,layer,phase,category,n,OFF_median_us,ON_median_us,paired_delta_median_us
32k,2,0,all-local,827,8.191999979317188,4.095999989658594,-4.095999989658594
32k,2,0,CPU,414,8.191999979317188,8.191999979317188,0.0
32k,2,0,mapped,33,8.191999979317188,8.191999979317188,0.0
32k,2,1,all-local,827,77.82399654388428,78.84799689054489,0.0
32k,2,1,CPU,414,79.8719972372055,79.8719972372055,0.0
32k,2,1,mapped,33,72.7040022611618,73.72800260782242,0.0
32k,2,2,all-local,827,9.216000325977802,7.168000098317862,-1.024000346660614
32k,2,2,CPU,414,9.216000325977802,9.216000325977802,0.0
32k,2,2,mapped,33,168.96000504493713,168.96000504493713,0.0
32k,2,3,all-local,827,5.119999870657921,5.119999870657921,0.0
32k,2,3,CPU,414,6.144000217318535,6.144000217318535,0.0
32k,2,3,mapped,33,5.119999870657921,6.144000217318535,1.024000346660614
32k,2,4,all-local,827,9.216000325977802,10.239999741315842,1.0239994153380394
32k,2,4,CPU,414,12.28800043463707,12.28800043463707,0.0
32k,2,4,mapped,33,12.28800043463707,12.28800043463707,0.0
32k,24,0,all-local,809,8.191999979317188,4.095999989658594,-4.095999989658594
32k,24,0,CPU,432,8.191999979317188,8.191999979317188,0.0
32k,24,0,mapped,25,8.191999979317188,8.191999979317188,0.0
32k,24,1,all-local,809,69.63200122117996,69.63200122117996,0.0
32k,24,1,CPU,432,75.77600330114365,75.77600330114365,0.0
32k,24,1,mapped,25,73.72800260782242,73.72800260782242,0.0
32k,24,2,all-local,809,9.216000325977802,7.168000098317862,-1.024000346660614
32k,24,2,CPU,432,9.216000325977802,9.216000325977802,0.0
32k,24,2,mapped,25,165.8879965543747,167.93599724769592,1.024007797241211
32k,24,3,all-local,809,4.095999989658594,3.0720001086592674,-1.0239998809993267
32k,24,3,CPU,432,4.095999989658594,5.119999870657921,0.0
32k,24,3,mapped,25,5.119999870657921,5.119999870657921,0.0
32k,24,4,all-local,809,7.168000098317862,10.239999741315842,2.0480002276599407
32k,24,4,CPU,432,11.264000087976456,12.28800043463707,2.0479997619986534
32k,24,4,mapped,25,11.264000087976456,15.359999611973763,4.095999523997307
32k,40,0,all-local,837,8.191999979317188,4.095999989658594,-4.095999989658594
32k,40,0,CPU,404,8.191999979317188,9.216000325977802,1.0239998809993267
32k,40,0,mapped,6,7.168000098317862,8.191999979317188,1.0239998809993267
32k,40,1,all-local,837,69.63200122117996,69.63200122117996,0.0
32k,40,1,CPU,404,79.8719972372055,78.84799689054489,0.0
32k,40,1,mapped,6,87.55199983716011,87.0399996638298,0.0
32k,40,2,all-local,837,9.216000325977802,7.168000098317862,-1.024000346660614
32k,40,2,CPU,404,9.216000325977802,9.216000325977802,0.0
32k,40,2,mapped,6,193.53599846363068,195.5839991569519,1.5360042452812195
32k,40,3,all-local,837,4.095999989658594,3.0720001086592674,-1.0239998809993267
32k,40,3,CPU,404,4.095999989658594,5.119999870657921,0.0
32k,40,3,mapped,6,5.119999870657921,5.119999870657921,0.5119999404996634
32k,40,4,all-local,837,9.216000325977802,10.239999741315842,1.0239994153380394
32k,40,4,CPU,404,12.28800043463707,12.28800043463707,0.0
32k,40,4,mapped,6,12.80000014230609,12.28800043463707,-0.5119997076690197
128k,2,0,all-local,833,8.191999979317188,4.095999989658594,-4.095999989658594
128k,2,0,CPU,616,8.191999979317188,8.191999979317188,0.0
128k,2,0,mapped,40,8.191999979317188,8.191999979317188,0.0
128k,2,1,all-local,833,70.65600156784058,70.65600156784058,0.0
128k,2,1,CPU,616,74.75200295448303,74.75200295448303,0.0
128k,2,1,mapped,40,73.21600243449211,73.72800260782242,0.0
128k,2,2,all-local,833,9.216000325977802,7.168000098317862,-1.024000346660614
128k,2,2,CPU,616,9.216000325977802,9.216000325977802,0.0
128k,2,2,mapped,40,167.93599724769592,168.96000504493713,0.5119964480400085
128k,2,3,all-local,833,5.119999870657921,5.119999870657921,-1.0239998809993267
128k,2,3,CPU,616,6.144000217318535,6.144000217318535,0.0
128k,2,3,mapped,40,6.144000217318535,6.144000217318535,0.0
128k,2,4,all-local,833,8.191999979317188,10.239999741315842,2.0479997619986534
128k,2,4,CPU,616,11.264000087976456,13.311999849975109,2.0479997619986534
128k,2,4,mapped,40,11.264000087976456,13.311999849975109,1.5360000543296337
128k,24,0,all-local,960,8.191999979317188,4.095999989658594,-4.095999989658594
128k,24,0,CPU,489,8.191999979317188,8.191999979317188,1.0239998809993267
128k,24,0,mapped,35,8.191999979317188,8.191999979317188,1.0239998809993267
128k,24,1,all-local,960,63.48799914121628,63.48799914121628,0.0
128k,24,1,CPU,489,68.60800087451935,69.63200122117996,0.0
128k,24,1,mapped,35,73.72800260782242,73.72800260782242,0.0
128k,24,2,all-local,960,9.216000325977802,7.168000098317862,-1.024000346660614
128k,24,2,CPU,489,9.216000325977802,9.216000325977802,1.0239994153380394
128k,24,2,mapped,35,167.93599724769592,168.96000504493713,1.024007797241211
128k,24,3,all-local,960,4.095999989658594,3.0720001086592674,-1.0239998809993267
128k,24,3,CPU,489,4.095999989658594,4.095999989658594,0.0
128k,24,3,mapped,35,5.119999870657921,5.119999870657921,0.0
128k,24,4,all-local,960,10.239999741315842,10.239999741315842,1.0239994153380394
128k,24,4,CPU,489,13.311999849975109,16.383999958634377,3.0720001086592674
128k,24,4,mapped,35,13.311999849975109,16.383999958634377,3.0720001086592674
128k,40,0,all-local,963,8.191999979317188,4.095999989658594,-4.095999989658594
128k,40,0,CPU,486,8.191999979317188,8.191999979317188,0.0
128k,40,0,mapped,16,8.191999979317188,8.191999979317188,0.0
128k,40,1,all-local,963,61.43999844789505,61.43999844789505,0.0
128k,40,1,CPU,486,74.75200295448303,75.77600330114365,0.0
128k,40,1,mapped,16,75.77600330114365,76.80000364780426,1.024000346660614
128k,40,2,all-local,963,9.216000325977802,8.191999979317188,-1.024000346660614
128k,40,2,CPU,486,9.216000325977802,10.239999741315842,1.0239994153380394
128k,40,2,mapped,16,195.5839991569519,195.5839991569519,0.5119964480400085
128k,40,3,all-local,963,4.095999989658594,3.0720001086592674,-1.0239998809993267
128k,40,3,CPU,486,4.095999989658594,5.119999870657921,0.0
128k,40,3,mapped,16,4.095999989658594,5.119999870657921,1.0239998809993267
128k,40,4,all-local,963,10.239999741315842,11.264000087976456,1.0239994153380394
128k,40,4,CPU,486,13.311999849975109,14.336000196635723,2.0479997619986534
128k,40,4,mapped,16,13.311999849975109,13.311999849975109,0.0
