name,profile,raw_runs,engine_TG_median,0-512,0-512-max-bracket-s,512-1K,512-1K-max-bracket-s,1K-2K,1K-2K-max-bracket-s,2K-4K,2K-4K-max-bracket-s
CURRENT control,32k,3,155.9,115.72794634278043,1.0001044273376465,196.09573818394333,1.0011579990386963,177.95816563220876,1.0029475688934326,147.03866314373727,1.0029475688934326
CURRENT control,128k,3,133.2,110.23629698495401,1.0001559257507324,164.65575398993258,1.0001559257507324,147.81653512099436,1.0001299381256104,138.06520176389844,1.0000970363616943
Frequency,32k,3,144.9,133.97747289672793,1.000060796737671,145.54628685043164,1.001272201538086,162.84762862662438,1.001272201538086,137.42899481731956,1.0001206398010254
Frequency,128k,3,131.3,109.87974832510777,1.0001633167266846,139.0842331617419,1.0001633167266846,128.0467203854823,1.000688076019287,134.60695663451088,1.000688076019287
Compatible selector,32k,3,150.2,132.72780037240707,1.0001046657562256,133.90799879877844,1.0001046657562256,174.9690754979181,1.000077247619629,145.57183283230427,1.0000572204589844
Compatible selector,128k,3,157.8,148.40717960356358,1.0000877380371094,151.79589146359143,1.0001003742218018,154.70386522716174,1.000119686126709,163.26544382642376,1.000119686126709
Compatible heap repair,32k,3,163.5,117.89781829455376,1.0000691413879395,135.0390269217992,1.0006167888641357,159.0540767610818,1.0006167888641357,172.9307449168342,1.0001130104064941
Compatible heap repair,128k,3,134.3,130.01243515599342,1.0001556873321533,139.15537828778548,1.0001747608184814,133.24684981262465,1.0001747608184814,137.618529138302,1.00014066696167
Same-binary policy OFF,32k,3,174.5,148.3493785374429,1.0001261234283447,177.50178147847586,1.0004065036773682,180.5214143739852,1.0004065036773682,179.82720320618225,1.0000762939453125
Same-binary policy OFF,128k,3,139.2,119.8894478561789,1.0000998973846436,149.84540497572868,1.0001068115234375,127.77909892884897,1.000187635421753,142.61998378536242,1.000187635421753
Safe device plan,32k,3,152.3,128.02212906922702,1.0002424716949463,174.36183876778057,1.0002424716949463,160.65582248440055,1.0001518726348877,160.67732709304482,1.0001518726348877
Safe device plan,128k,3,133.3,118.2792253667937,1.0001804828643799,132.50100359091252,1.0005483627319336,124.75241528469516,1.0005483627319336,140.48008661619997,1.0001132488250732
Skip redundant host plan,32k,3,175.4,140.77620084652537,1.0001220703125,172.8669821308515,1.0001351833343506,168.31256166772332,1.0001351833343506,176.005923351316,1.0001254081726074
Skip redundant host plan,128k,3,158.7,149.7765643052006,1.0000784397125244,177.5125950588218,1.0001294612884521,149.25124116643983,1.0001294612884521,161.27010831088083,1.0000834465026855
Same-binary host plan OFF,32k,3,163.6,128.1891294432347,1.0001144409179688,186.14215075696072,1.0001144409179688,180.12186379026426,1.0001132488250732,167.81178259061988,1.0001132488250732
Same-binary host plan OFF,128k,3,159.0,148.7169420322915,1.0001037120819092,180.66740925253012,1.0001037120819092,148.1745121959592,1.0003647804260254,160.23283578949074,1.0003647804260254
Direct expert output rows,32k,3,158.1,139.85523118229466,1.0001096725463867,168.89480907387684,1.0001599788665771,172.897086281496,1.0001599788665771,156.84319162074846,1.0001192092895508
Direct expert output rows,128k,3,160.6,151.36840177645476,1.0000970363616943,182.34263269444008,1.000152587890625,150.36348666418007,1.0002083778381348,161.93699140157042,1.0002083778381348
Same-binary direct rows OFF,32k,3,169.5,135.15864334304783,1.000122308731079,203.86799126650405,1.0005574226379395,171.56616478554287,1.0005574226379395,169.8859291748277,1.000140905380249
Same-binary direct rows OFF,128k,3,144.4,123.90039497842731,1.0001184940338135,142.56321842285308,1.0001184940338135,143.9109971221602,1.0001163482666016,151.1180426324309,1.0001163482666016
Existing pool sleep100us,32k,3,178.5,154.9295866180219,1.0006206035614014,192.55663611262,1.0006206035614014,186.03818069647073,1.000302791595459,183.04556409563966,1.000302791595459
Existing pool sleep100us,128k,3,154.0,142.80306618970855,1.0002343654632568,167.81463808026407,1.0003130435943604,146.27099259297805,1.0003130435943604,161.47212934110036,1.0001864433288574
