timestamp,phase,ram_used_gib,mem_available_gib,rss_gib,system_cpu_pct,process_cpu_pct,process_read_bytes,gpu0_util_pct,gpu0_power_w,gpu0_vram_gib,gpu1_util_pct,gpu1_power_w,gpu1_vram_gib
1790871108.1988163,idle,64.66130065917969,96.47131729125977,132.64682006835938,1.4,0.0,10530816,0.0,39.12,23.439453125,0.0,32.08,0.0009765625
1790871109.1989086,reading,64.57360458374023,96.55901336669922,132.56435012817383,5.1,52.0,10530816,0.0,51.31,23.439453125,0.0,32.17,0.0009765625
1790871110.1990051,reading,64.57145309448242,96.56116485595703,132.56454849243164,4.6,40.0,10530816,0.0,68.5,23.439453125,0.0,32.22,0.0009765625
1790871111.1991053,reading,64.57967758178711,96.55294036865234,132.56462478637695,3.8,37.0,10530816,0.0,80.44,23.439453125,0.0,32.23,0.0009765625
1790871112.1992629,reading,64.74312210083008,96.38949584960938,132.7457618713379,6.3,70.0,10530816,51.0,80.68,23.474609375,0.0,32.19,0.0009765625
1790871113.1993299,reading,64.74355697631836,96.3890609741211,132.74578094482422,11.4,132.0,10530816,100.0,190.63,23.474609375,0.0,32.37,0.0009765625
1790871114.1994245,reading,64.750732421875,96.38188552856445,132.74578857421875,9.0,127.0,10530816,100.0,210.29,23.474609375,0.0,32.84,0.0009765625
1790871115.1995864,reading,64.74473571777344,96.38788223266602,132.74578857421875,6.8,99.9,10530816,99.0,213.41,23.474609375,0.0,33.03,0.0009765625
1790871116.1997302,reading,64.76018142700195,96.3724365234375,132.74578857421875,6.7,100.0,10530816,100.0,214.66,23.474609375,0.0,33.05,0.0009765625
1790871117.1997502,reading,64.78952026367188,96.34309768676758,132.77019119262695,6.9,103.0,10530816,99.0,216.56,23.474609375,0.0,33.14,0.0009765625
1790871118.1998382,reading,64.78959655761719,96.34302139282227,132.77020645141602,8.8,128.0,10530816,100.0,213.77,23.474609375,0.0,33.02,0.0009765625
1790871119.1998644,reading,64.79257202148438,96.34004592895508,132.77021408081055,9.0,129.1,10530816,100.0,214.73,23.474609375,0.0,33.01,0.0009765625
1790871120.2000523,reading,64.79069519042969,96.34192276000977,132.77023315429688,9.5,128.9,10530816,100.0,218.12,23.474609375,0.0,33.18,0.0009765625
1790871121.2001524,reading,64.78808975219727,96.34452819824219,132.7702522277832,9.4,129.0,10530816,100.0,219.9,23.474609375,0.0,33.06,0.0009765625
1790871122.2001815,reading,64.9085922241211,96.22402572631836,132.88599395751953,7.0,103.0,10530816,100.0,220.73,23.474609375,0.0,33.14,0.0009765625
1790871123.2003317,reading,64.90273666381836,96.2298812866211,132.88599395751953,9.0,127.9,10530816,100.0,201.16,23.474609375,0.0,33.28,0.0009765625
1790871124.2004614,reading,64.90278625488281,96.22983169555664,132.88600158691406,8.8,127.9,10530816,100.0,220.84,23.474609375,0.0,33.14,0.0009765625
1790871125.2005527,reading,64.8961067199707,96.23651123046875,132.8860092163086,10.1,127.0,10530816,100.0,219.17,23.474609375,0.0,33.05,0.0009765625
1790871126.2006311,reading,64.90169525146484,96.23092269897461,132.88601303100586,8.4,121.9,10530816,100.0,215.87,23.474609375,0.0,33.15,0.0009765625
1790871127.2006454,reading,64.9068832397461,96.22573471069336,132.8862190246582,6.9,102.1,10530816,100.0,218.26,23.474609375,0.0,33.29,0.0009765625
1790871128.200823,reading,64.91230010986328,96.22031784057617,132.8862190246582,9.0,127.9,10530816,100.0,213.5,23.474609375,0.0,33.13,0.0009765625
1790871129.200916,reading,64.90856170654297,96.22405624389648,132.88623428344727,9.6,131.0,10530816,100.0,217.58,23.474609375,0.0,33.15,0.0009765625
1790871130.2009318,reading,64.91038513183594,96.22223281860352,132.88623428344727,8.8,128.0,10530816,100.0,214.68,23.474609375,0.0,33.47,0.0009765625
1790871131.2011569,reading,64.9061508178711,96.22646713256836,132.88623428344727,7.3,107.0,10530816,100.0,219.99,23.474609375,0.0,33.64,0.0009765625
1790871132.2012968,reading,65.00613784790039,96.12648010253906,132.9966697692871,6.9,100.0,10530816,100.0,217.48,23.482421875,0.0,33.7,0.0009765625
1790871133.2012632,reading,65.01156997680664,96.12104797363281,132.99685668945312,8.9,130.0,10530816,100.0,200.68,23.482421875,0.0,33.54,0.0009765625
1790871134.2013156,reading,65.0088119506836,96.12380599975586,132.9968605041504,8.9,128.0,10530816,100.0,218.62,23.482421875,0.0,33.4,0.0009765625
1790871135.2013798,reading,65.00885009765625,96.1237678527832,132.9968605041504,8.8,128.0,10530816,100.0,214.25,23.482421875,0.0,33.33,0.0009765625
1790871136.201591,reading,65.01792526245117,96.11469268798828,132.9968605041504,8.5,122.9,10530816,100.0,219.72,23.482421875,0.0,33.17,0.0009765625
1790871137.2016554,reading,65.03571701049805,96.0969009399414,132.9968605041504,6.8,100.8,10530816,100.0,221.53,23.482421875,0.0,33.3,0.0009765625
1790871138.201712,reading,65.0232162475586,96.10940170288086,132.9970245361328,9.3,128.3,10530816,100.0,206.26,23.482421875,0.0,33.39,0.0009765625
1790871139.2017605,reading,65.00019073486328,96.13242721557617,132.99702835083008,9.2,129.0,10530816,100.0,221.52,23.482421875,0.0,33.35,0.0009765625
1790871140.201952,reading,64.99809646606445,96.134521484375,132.9970359802246,9.0,128.9,10530816,100.0,222.05,23.482421875,0.0,33.2,0.0009765625
1790871141.2020676,reading,65.00125503540039,96.13136291503906,132.9970359802246,7.8,111.0,10530816,100.0,211.65,23.482421875,0.0,32.96,0.0009765625
1790871142.2022219,reading,65.02078247070312,96.11183547973633,132.9970359802246,6.8,101.0,10530816,100.0,222.08,23.482421875,0.0,33.01,0.0009765625
1790871143.202336,reading,65.13135147094727,96.00126647949219,133.10723495483398,9.8,125.9,10530816,100.0,204.39,23.482421875,0.0,33.2,0.0009765625
1790871144.2023344,reading,65.13927459716797,95.99334335327148,133.10723495483398,11.6,135.1,10530816,100.0,216.85,23.482421875,0.0,33.2,0.0009765625
1790871145.2025692,reading,65.12716674804688,96.00545120239258,133.10723876953125,7.5,108.9,10530816,100.0,217.73,23.482421875,0.0,33.1,0.0009765625
1790871146.2027037,reading,65.11730575561523,96.01531219482422,133.10723876953125,6.9,101.0,10530816,100.0,218.37,23.482421875,0.0,33.03,0.0009765625
1790871147.202775,reading,65.11235809326172,96.02025985717773,133.10723876953125,6.7,99.9,10530816,100.0,222.57,23.482421875,0.0,33.07,0.0009765625
1790871148.2028067,reading,65.12848663330078,96.00413131713867,133.1074333190918,6.8,100.2,10530816,100.0,205.79,23.482421875,0.0,33.08,0.0009765625
1790871149.2029366,reading,65.12246704101562,96.01015090942383,133.1074333190918,6.8,99.9,10530816,100.0,187.62,23.482421875,0.0,32.94,0.0009765625
1790871150.2031364,reading,65.11775970458984,96.01485824584961,133.1074333190918,6.8,100.9,10530816,100.0,196.29,23.482421875,0.0,32.95,0.0009765625
1790871151.2032664,reading,65.13679885864258,95.99581909179688,133.1074333190918,6.8,101.9,10530816,100.0,196.19,23.482421875,0.0,32.98,0.0009765625
1790871152.2033517,reading,65.15584945678711,95.97676849365234,133.1074333190918,7.0,100.1,10530816,100.0,196.35,23.482421875,0.0,33.03,0.0009765625
1790871153.2037058,generating,65.28174591064453,95.85087203979492,133.23095703125,32.1,507.1,10530816,60.0,146.74,23.482421875,0.0,33.14,0.0009765625
1790871154.2047775,generating,65.27728652954102,95.85533142089844,133.23095703125,93.6,1489.5,10530816,75.0,145.33,23.484375,0.0,33.02,0.0009765625
1790871155.2047992,generating,65.2765007019043,95.85611724853516,133.23095703125,95.9,1527.4,10530816,100.0,154.89,23.484375,0.0,33.16,0.0009765625
1790871156.2048907,generating,65.26944732666016,95.8631706237793,133.23095703125,94.7,1503.2,10530816,97.0,156.29,23.484375,0.0,33.38,0.0009765625
1790871157.2051494,generating,65.27011489868164,95.86250305175781,133.23095703125,93.6,1488.3,10530816,75.0,162.97,23.484375,0.0,33.08,0.0009765625
1790871158.2050705,generating,65.2698860168457,95.86273193359375,133.23095703125,93.2,1483.8,10530816,66.0,164.06,23.484375,0.0,32.95,0.0009765625
1790871159.2056508,generating,65.2494010925293,95.88321685791016,133.23095703125,94.1,1494.7,10530816,99.0,156.38,23.484375,0.0,33.02,0.0009765625
