run,campaign,task,policy,kind,windows,initial,first1_demanded_pct,first4_demanded_pct,first16_demanded_pct,first64_demanded_pct,first256_demanded_pct,full_demanded_pct,initial_survival64_pct,initial_survival_end_pct,publications64,publications,evictions,copy_GB,nonlocal_entries,local_pct,no_use_evicted_GB,no_use_censored_GB,profile_changed_before_decode
q4-live-oracle--v3-current-32k-attempt1,q4-live-oracle-20261006T040656Z,32k,REPLAY_CURRENT,MEASURED,1289,11541,3.821159344944112,18.507928255783728,39.026080928862314,72.27276665800191,94.48921237327788,98.89091066632008,92.60895936227364,26.55749068538255,853.0,27893,27893,87.4177536,227427,89.663912521815,9.40032,1.636352,415
q4-live-oracle--v3-oracle-32k-attempt1,q4-live-oracle-20261006T040656Z,32k,REPLAY_ORACLE_FULL,MEASURED,1289,11541,3.821159344944112,18.507928255783728,39.026080928862314,72.27276665800191,94.48921237327788,98.89091066632008,86.02374144354908,19.114461485139937,1918.0,65806,65806,207.126016,13213,99.3994964368819,0.003072,0.003072,415
q4-live-oracle--v3-current-128k-attempt1,q4-live-oracle-20261006T040656Z,128k,REPLAY_CURRENT,MEASURED,1533,11476,3.868943882886023,16.53886371558034,43.65632624607877,74.91286162425932,93.5691878703381,99.0589055420007,89.88323457650749,25.723248518647612,1161.0,31627,31627,99.3673216,267959,88.89721725006629,9.2473344,2.2428672,391
q4-live-oracle--v3-oracle-128k-attempt1,q4-live-oracle-20261006T040656Z,128k,REPLAY_ORACLE_FULL,MEASURED,1533,11476,3.868943882886023,16.53886371558034,43.65632624607877,74.91286162425932,93.5691878703381,99.0589055420007,84.30637852910422,20.346810735447892,2219.0,62005,62005,195.984384,29639,98.77191892071069,0.254976,0.006144,391
q4-live-oracle--v3-current-256k-attempt1,q4-live-oracle-20261006T040656Z,256k,REPLAY_CURRENT,MEASURED,1628,11386,3.8380467240470755,17.94308800281047,44.396627437203584,77.18250483049358,94.9762866678377,99.16564201651151,91.64763744949938,27.463551730194975,951.0,30670,30670,96.4809728,246896,90.0892742453436,10.0820992,1.8522112,422
q4-live-oracle--v3-oracle-256k-attempt1,q4-live-oracle-20261006T040656Z,256k,REPLAY_ORACLE_FULL,MEASURED,1628,11386,3.8380467240470755,17.94308800281047,44.396627437203584,77.18250483049358,94.9762866678377,99.16564201651151,88.17846478131038,22.71210258211839,1751.0,61787,61787,195.6953088,33375,98.66028420038536,0.454656,0.012288,422
q4-oracle-decomposition--v2-32k-6464-attempt1,q4-oracle-decomposition-20261006T100032Z,32k,6464,MEASURED,1289,11541,3.821159344944112,18.507928255783728,39.026080928862314,72.27276665800191,94.48921237327788,98.89091066632008,78.79733125379083,8.803396586084395,2486.0,97974,97974,312.2101248,104649,95.24391906631763,0.12288,0.024576,415
q4-oracle-decomposition--v2-32k-64F-attempt1,q4-oracle-decomposition-20261006T100032Z,32k,64F,MEASURED,1289,11541,3.821159344944112,18.507928255783728,39.026080928862314,72.27276665800191,94.48921237327788,98.89091066632008,86.31834329780781,19.426392860237414,1880.0,64098,64098,201.87904,17367,99.21070571553228,0.021504,0.009216,415
q4-oracle-decomposition--v2-32k-F64-attempt1,q4-oracle-decomposition-20261006T100032Z,32k,F64,MEASURED,1289,11541,3.821159344944112,18.507928255783728,39.026080928862314,72.27276665800191,94.48921237327788,98.89091066632008,78.67602460791959,8.50012997140629,2502.0,100109,100109,318.7688448,100594,95.4282104421175,0.070656,0.009216,415
q4-oracle-decomposition--v2-32k-FF-attempt1,q4-oracle-decomposition-20261006T100032Z,32k,FF,MEASURED,1289,11541,3.821159344944112,18.507928255783728,39.026080928862314,72.27276665800191,94.48921237327788,98.89091066632008,86.10172428732345,19.270427172688674,1911.0,65508,65508,206.21056,13949,99.36604675683537,0.024576,0.006144,415
q4-oracle-decomposition--v2-32k-current-attempt1,q4-oracle-decomposition-20261006T100032Z,32k,current,MEASURED,1289,11541,3.821159344944112,18.507928255783728,39.026080928862314,72.27276665800191,94.48921237327788,98.89091066632008,92.60895936227364,26.55749068538255,853.0,27893,27893,87.4177536,227427,89.663912521815,9.40032,1.636352,415
q4-oracle-decomposition--v2-32k-F256-attemptindependent1,q4-oracle-decomposition-20261006T100032Z,32k,F256,MEASURED,388,11541,3.821159344944112,18.109349276492505,37.76969066805303,62.58556450914132,83.63226756780175,90.74603587210814,83.38965427605926,29.54683303006672,1912.0,16584,16584,52.4581888,6861,98.86014752791068,0.018432,0.021504,415
q4-oracle-decomposition--v2-128k-F256-attempt1,q4-oracle-decomposition-20261006T100032Z,code-source-128k,F256,MEASURED,1533,11476,3.868943882886023,16.53886371558034,43.65632624607877,74.91286162425932,93.5691878703381,99.0589055420007,73.83234576507493,6.622516556291391,3097.0,100767,100767,320.76032,101301,95.80263027048528,0.21504,0.003072,391
q4-oracle-decomposition--v2-128k-FF-attempt1,q4-oracle-decomposition-20261006T100032Z,code-source-128k,FF,MEASURED,1533,11476,3.868943882886023,16.53886371558034,43.65632624607877,74.91286162425932,93.5691878703381,99.0589055420007,83.10386894388289,19.780411293133497,2400.0,63973,63973,202.0320256,22671,99.06063544152745,0.089088,0.021504,391
q4-oracle-decomposition--v2-128k-current-attempt1,q4-oracle-decomposition-20261006T100032Z,code-source-128k,current,MEASURED,1533,11476,3.868943882886023,16.53886371558034,43.65632624607877,74.91286162425932,93.5691878703381,99.0589055420007,89.88323457650749,25.723248518647612,1161.0,31627,31627,99.3673216,267959,88.89721725006629,9.2473344,2.2428672,391
q4-oracle-decomposition--v2-256k-F256-attempt1,q4-oracle-decomposition-20261006T100032Z,code-source-256k,F256,MEASURED,1628,11386,3.8380467240470755,17.94308800281047,44.396627437203584,77.18250483049358,94.9762866678377,99.16564201651151,75.6806604602143,7.078868786228702,2899.0,102853,102853,327.8646272,91889,96.31145632626847,0.119808,0.003072,422
q4-oracle-decomposition--v2-256k-FF-attempt1,q4-oracle-decomposition-20261006T100032Z,code-source-256k,FF,MEASURED,1628,11386,3.8380467240470755,17.94308800281047,44.396627437203584,77.18250483049358,94.9762866678377,99.16564201651151,85.93008958369929,21.025821183910065,2169.0,65229,65229,206.2710784,22623,99.09188342967245,0.125952,0.003072,422
q4-oracle-decomposition--v2-256k-current-attempt1,q4-oracle-decomposition-20261006T100032Z,code-source-256k,current,MEASURED,1628,11386,3.8380467240470755,17.94308800281047,44.396627437203584,77.18250483049358,94.9762866678377,99.16564201651151,91.64763744949938,27.463551730194975,951.0,30670,30670,96.4809728,246896,90.0892742453436,10.0820992,1.8522112,422
golden-swap-phase0--code-heg,golden-swap-phase0-20261006T185015Z,code-heg,NATURAL_CURRENT,MEASURED,681,11476,3.8340885325897527,21.505751132798885,41.347159288950856,69.71941443011502,90.2579295921924,95.80864412687347,93.29034506796793,30.472289996514466,770.0,12836,12836,40.291328,109351,90.3672480620155,3.3705984,1.471488,391
golden-swap-phase0--math-rational,golden-swap-phase0-20261006T185015Z,math-rational,NATURAL_CURRENT,MEASURED,653,11541,3.7518412615891172,17.736764578459404,45.11740750368252,67.55913698986222,83.08638766138117,91.85512520578806,87.6440516419721,35.23091586517633,1426.0,11502,11502,36.1946112,94380,91.76612227805695,2.2018048,1.9612672,415
golden-swap-phase0--text-http,golden-swap-phase0-20261006T185015Z,text-http,NATURAL_CURRENT,MEASURED,712,11541,3.916471709557231,12.927822545706611,40.45576639805909,73.32120266874621,89.79291222597695,94.2812581232129,88.9957542673945,49.01654969240101,1270.0,11274,11274,35.487744,80914,93.2273670818267,4.209152,1.5884288,415
golden-swap-phase0--mixed-build,golden-swap-phase0-20261006T185015Z,mixed-build,NATURAL_CURRENT,MEASURED,592,11541,3.812494584524738,16.66233428645698,46.05320162897496,73.91907113768305,91.69049475781995,95.69361407157092,91.38722814314184,38.66216099124859,994.0,9992,9992,31.3100288,82311,92.24768309222424,1.975808,1.4278656,415
golden-swap-phase0--code-queue,golden-swap-phase0-20261006T185015Z,code-queue,NATURAL_CURRENT,MEASURED,682,11541,3.8384888657828613,19.59102330820553,38.67082575166797,63.711983363659996,86.8988822459059,93.17216878953298,92.4529936747249,36.43531756346937,871.0,11555,11555,36.3273216,82420,92.85739046034386,3.0388224,1.5311872,415
golden-swap-phase0--math-sensor,golden-swap-phase0-20261006T185015Z,math-sensor,NATURAL_CURRENT,MEASURED,668,11476,3.851516207737888,11.920529801324504,30.742418961310563,59.06239107703033,76.91704426629488,87.8616242593238,86.61554548623214,35.561171139769954,1536.0,10652,10652,33.507328,77497,93.3173806567329,2.1030912,1.14944,391
golden-swap-phase0--text-tls,golden-swap-phase0-20261006T185015Z,text-tls,NATURAL_CURRENT,MEASURED,965,11476,3.7033809689787383,22.716974555594284,45.250958522133146,67.30568142209829,85.20390379923319,93.65632624607878,88.15789473684211,47.18543046357616,1359.0,10733,10733,33.6391168,71738,94.5474583485346,3.3840128,2.0262912,391
golden-swap-phase0--mixed-fields,golden-swap-phase0-20261006T185015Z,mixed-fields,NATURAL_CURRENT,MEASURED,646,11476,3.877657720460091,20.948065528058557,44.2140118508191,73.36179853607528,88.31474381317533,92.21854304635761,88.19275008713838,42.37539212269083,1355.0,10221,10221,32.1076224,75897,93.31138959390863,2.1113856,1.0310656,391
golden-swap-phase0--code-archive,golden-swap-phase0-20261006T185015Z,code-archive,NATURAL_CURRENT,MEASURED,769,11541,3.812494584524738,17.632787453426914,37.80434970973052,65.82618490598735,83.32033619270427,93.27614591456546,90.95399012217312,43.61840395113075,1044.0,10822,10822,34.1275648,70827,94.1677371541502,2.980352,1.8902016,415
golden-swap-phase0--math-inventory,golden-swap-phase0-20261006T185015Z,math-inventory,NATURAL_CURRENT,MEASURED,766,11541,3.821159344944112,14.140889004419028,34.46841694827138,59.674205008231525,79.69846633740578,88.87444762152326,86.99419461051902,40.22181786673598,1501.0,11536,11536,36.373504,77980,93.703165374677,3.20768,1.1500544,415
golden-swap-phase0--text-websocket,golden-swap-phase0-20261006T185015Z,text-websocket,NATURAL_CURRENT,MEASURED,636,11541,3.8904774282991075,19.227103370591802,44.14695433671259,71.06836495970886,89.19504375704012,94.9224503942466,89.26436184039511,49.0512087340785,1239.0,10381,10381,32.6185984,66801,93.65973804100227,3.0686208,1.933824,415
golden-swap-phase0--mixed-chinook,golden-swap-phase0-20261006T185015Z,mixed-chinook,NATURAL_CURRENT,MEASURED,548,11541,3.769170782427866,12.633220691447882,36.625942292695605,62.87150160298068,79.82843774369638,86.92487652716403,86.69092799584091,35.78546053201629,1536.0,11421,11421,35.6499456,110533,89.2494358854653,2.7332608,1.1966464,415
golden-swap-phase1--code-archive-block1-REPLAY_CURRENT,golden-swap-phase1-20261006T200037Z,code-archive,REPLAY_CURRENT,MEASURED,769,11541,3.812494584524738,17.632787453426914,37.80434970973052,65.82618490598735,83.32033619270427,93.27614591456546,90.95399012217312,43.61840395113075,1044.0,10822,10822,34.1275648,70827,94.1677371541502,2.980352,1.8902016,415
golden-swap-phase1--code-archive-block1-ORACLE_FULL,golden-swap-phase1-20261006T200037Z,code-archive,ORACLE_FULL,MEASURED,769,11541,3.812494584524738,17.632787453426914,37.80434970973052,65.82618490598735,83.32033619270427,93.27614591456546,84.95797591196603,41.05363486699593,1976.0,19455,19455,61.764608,2987,99.754034914361,0.055296,0.027648,415
golden-swap-phase1--code-archive-block1-ORACLE_IN_LEARNED_VICTIM,golden-swap-phase1-20261006T200037Z,code-archive,ORACLE_IN_LEARNED_VICTIM,MEASURED,769,11541,3.812494584524738,17.632787453426914,37.80434970973052,65.82618490598735,83.32033619270427,93.27614591456546,91.31791005978684,50.88813794298588,1930.0,17678,17678,56.313856,41952,96.54545454545455,27.949056,0.0,415
golden-swap-phase1--math-inventory-block1-ORACLE_FULL,golden-swap-phase1-20261006T200037Z,math-inventory,ORACLE_FULL,MEASURED,766,11541,3.821159344944112,14.140889004419028,34.46841694827138,59.674205008231525,79.69846633740578,88.87444762152326,76.62247638852786,36.7645784594056,2961.0,19819,19819,62.7098624,4328,99.65051679586563,0.036864,0.0,415
golden-swap-phase1--math-inventory-block1-ORACLE_IN_LEARNED_VICTIM,golden-swap-phase1-20261006T200037Z,math-inventory,ORACLE_IN_LEARNED_VICTIM,MEASURED,766,11541,3.821159344944112,14.140889004419028,34.46841694827138,59.674205008231525,79.69846633740578,88.87444762152326,82.2285763798631,44.50220951390694,3228.0,17681,17681,56.309248,42934,96.53310723514213,24.9070592,0.0,415
golden-swap-phase1--math-inventory-block1-REPLAY_CURRENT,golden-swap-phase1-20261006T200037Z,math-inventory,REPLAY_CURRENT,MEASURED,766,11541,3.821159344944112,14.140889004419028,34.46841694827138,59.674205008231525,79.69846633740578,88.87444762152326,86.99419461051902,40.22181786673598,1501.0,11536,11536,36.373504,77980,93.703165374677,3.20768,1.1500544,415
golden-swap-phase1--text-websocket-block1-ORACLE_IN_LEARNED_VICTIM,golden-swap-phase1-20261006T200037Z,text-websocket,ORACLE_IN_LEARNED_VICTIM,MEASURED,636,11541,3.8904774282991075,19.227103370591802,44.14695433671259,71.06836495970886,89.19504375704012,94.9224503942466,89.07373711116888,52.38714149553765,2524.0,18025,18025,56.988672,35818,96.60041761579348,28.224,0.0,415
golden-swap-phase1--text-websocket-block1-REPLAY_CURRENT,golden-swap-phase1-20261006T200037Z,text-websocket,REPLAY_CURRENT,MEASURED,636,11541,3.8904774282991075,19.227103370591802,44.14695433671259,71.06836495970886,89.19504375704012,94.9224503942466,89.26436184039511,49.0512087340785,1239.0,10381,10381,32.6185984,66801,93.65973804100227,3.0686208,1.933824,415
golden-swap-phase1--text-websocket-block1-ORACLE_FULL,golden-swap-phase1-20261006T200037Z,text-websocket,ORACLE_FULL,MEASURED,636,11541,3.8904774282991075,19.227103370591802,44.14695433671259,71.06836495970886,89.19504375704012,94.9224503942466,83.30300667186552,46.174508274846204,2385.0,18187,18187,57.401344,3235,99.69295747911922,0.070656,0.009216,415
golden-swap-phase1--mixed-chinook-block1-REPLAY_CURRENT,golden-swap-phase1-20261006T200037Z,mixed-chinook,REPLAY_CURRENT,MEASURED,548,11541,3.769170782427866,12.633220691447882,36.625942292695605,62.87150160298068,79.82843774369638,86.92487652716403,86.69092799584091,35.78546053201629,1536.0,11421,11421,35.6499456,110533,89.2494358854653,2.7332608,1.1966464,415
golden-swap-phase1--mixed-chinook-block1-ORACLE_FULL,golden-swap-phase1-20261006T200037Z,mixed-chinook,ORACLE_FULL,MEASURED,548,11541,3.769170782427866,12.633220691447882,36.625942292695605,62.87150160298068,79.82843774369638,86.92487652716403,68.55558443809029,27.813880946191837,4040.0,28416,28416,89.0110976,15723,98.47076330532212,0.12032,0.01536,415
golden-swap-phase1--mixed-chinook-block1-ORACLE_IN_LEARNED_VICTIM,golden-swap-phase1-20261006T200037Z,mixed-chinook,ORACLE_IN_LEARNED_VICTIM,MEASURED,548,11541,3.769170782427866,12.633220691447882,36.625942292695605,62.87150160298068,79.82843774369638,86.92487652716403,74.26566155445802,35.29156918811195,4842.0,25277,25277,79.1486464,57625,94.39532757547464,43.1945728,0.0,415
golden-swap-phase2--code-archive-block1-ORACLE_FULL,golden-swap-phase2-20261007T093357Z,code-archive,ORACLE_FULL,MEASURED,769,11541,3.812494584524738,17.632787453426914,37.80434970973052,65.82618490598735,83.32033619270427,93.27614591456546,84.71536262022354,40.655055887704705,2013.0,19872,19872,63.044608,1685,99.86124835309617,0.027648,0.006144,415
golden-swap-phase2--code-archive-block1-ORACLE_IN_HISTORY_TC,golden-swap-phase2-20261007T093357Z,code-archive,ORACLE_IN_HISTORY_TC,MEASURED,769,11541,3.812494584524738,17.632787453426914,37.80434970973052,65.82618490598735,83.32033619270427,93.27614591456546,91.66450047656183,45.871241660168096,957.0,9682,9682,30.5855488,39962,96.70932147562583,0.003072,0.0,415
golden-swap-phase2--code-archive-block1-ORACLE_IN_LOGISTIC_TC,golden-swap-phase2-20261007T093357Z,code-archive,ORACLE_IN_LOGISTIC_TC,MEASURED,769,11541,3.812494584524738,17.632787453426914,37.80434970973052,65.82618490598735,83.32033619270427,93.27614591456546,91.10129104930249,50.26427519279092,1022.0,9266,9266,29.1623936,40945,96.62837615283267,0.0,0.0,415
golden-swap-phase2--code-archive-block1-REPLAY_CURRENT,golden-swap-phase2-20261007T093357Z,code-archive,REPLAY_CURRENT,MEASURED,769,11541,3.812494584524738,17.632787453426914,37.80434970973052,65.82618490598735,83.32033619270427,93.27614591456546,90.95399012217312,43.61840395113075,1044.0,10822,10822,34.1275648,70827,94.1677371541502,2.980352,1.8902016,415
golden-swap-phase2--dev-math-rational-OFF1,golden-swap-phase2-20261007T093357Z,math-rational,LOGISTIC_OFF,MEASURED,653,11541,3.7518412615891172,17.736764578459404,45.11740750368252,67.55913698986222,83.08638766138117,91.85512520578806,81.17147560869942,35.96742050082315,3717.0,21945,21945,69.9570176,46437,95.94875418760469,33.9326976,0.0,415
golden-swap-phase2--dev-math-rational-ON2,golden-swap-phase2-20261007T093357Z,math-rational,ORACLE_IN_LOGISTIC_TC,MEASURED,653,11541,3.7518412615891172,17.736764578459404,45.11740750368252,67.55913698986222,83.08638766138117,91.85512520578806,81.29278225457067,35.5775062819513,2154.0,11628,11628,36.5134848,45980,95.98862367392518,0.0,0.0,415
golden-swap-phase2--math-inventory-block1-ORACLE_FULL,golden-swap-phase2-20261007T093357Z,math-inventory,ORACLE_FULL,MEASURED,766,11541,3.821159344944112,14.140889004419028,34.46841694827138,59.674205008231525,79.69846633740578,88.87444762152326,75.66935274239667,36.54795944892124,3095.0,19991,19991,63.2382464,3026,99.75565245478036,0.024576,0.0,415
golden-swap-phase2--math-inventory-block1-ORACLE_IN_HISTORY_TC,golden-swap-phase2-20261007T093357Z,math-inventory,ORACLE_IN_HISTORY_TC,MEASURED,766,11541,3.821159344944112,14.140889004419028,34.46841694827138,59.674205008231525,79.69846633740578,88.87444762152326,81.74334979637813,41.05363486699593,2102.0,10649,10649,33.6029696,41043,96.68580426356588,0.0,0.0,415
golden-swap-phase2--math-inventory-block1-ORACLE_IN_LOGISTIC_TC,golden-swap-phase2-20261007T093357Z,math-inventory,ORACLE_IN_LOGISTIC_TC,MEASURED,766,11541,3.821159344944112,14.140889004419028,34.46841694827138,59.674205008231525,79.69846633740578,88.87444762152326,81.69136123386188,43.9390000866476,2108.0,10258,10258,32.2258944,41664,96.63565891472868,0.0,0.0,415
golden-swap-phase2--math-inventory-block1-REPLAY_CURRENT,golden-swap-phase2-20261007T093357Z,math-inventory,REPLAY_CURRENT,MEASURED,766,11541,3.821159344944112,14.140889004419028,34.46841694827138,59.674205008231525,79.69846633740578,88.87444762152326,86.99419461051902,40.22181786673598,1501.0,11536,11536,36.373504,77980,93.703165374677,3.20768,1.1500544,415
golden-swap-phase2--mixed-chinook-block1-ORACLE_FULL,golden-swap-phase2-20261007T093357Z,mixed-chinook,ORACLE_FULL,MEASURED,548,11541,3.769170782427866,12.633220691447882,36.625942292695605,62.87150160298068,79.82843774369638,86.92487652716403,68.77220344857464,27.961181873321202,4006.0,28385,28385,88.915456,15580,98.48467164643635,0.126464,0.018432,415
golden-swap-phase2--mixed-chinook-block1-ORACLE_IN_HISTORY_TC,golden-swap-phase2-20261007T093357Z,mixed-chinook,ORACLE_IN_HISTORY_TC,MEASURED,548,11541,3.769170782427866,12.633220691447882,36.625942292695605,62.87150160298068,79.82843774369638,86.92487652716403,74.35230915865176,32.674811541460876,2955.0,12182,12182,38.0278784,57066,94.44969654528478,0.0,0.0,415
golden-swap-phase2--mixed-chinook-block1-ORACLE_IN_LOGISTIC_TC,golden-swap-phase2-20261007T093357Z,mixed-chinook,ORACLE_IN_LOGISTIC_TC,MEASURED,548,11541,3.769170782427866,12.633220691447882,36.625942292695605,62.87150160298068,79.82843774369638,86.92487652716403,73.96239493977991,34.92764925049823,3000.0,11794,11794,36.7725568,56502,94.5045518207283,0.0,0.0,415
golden-swap-phase2--mixed-chinook-block1-REPLAY_CURRENT,golden-swap-phase2-20261007T093357Z,mixed-chinook,REPLAY_CURRENT,MEASURED,548,11541,3.769170782427866,12.633220691447882,36.625942292695605,62.87150160298068,79.82843774369638,86.92487652716403,86.69092799584091,35.78546053201629,1536.0,11421,11421,35.6499456,110533,89.2494358854653,2.7332608,1.1966464,415
golden-swap-phase2--text-json-rfc8259-block1-ORACLE_FULL,golden-swap-phase2-20261007T093357Z,text-json-rfc8259,ORACLE_FULL,MEASURED,949,11541,3.85581838662161,16.038471536262023,41.14894723160904,72.35941426219566,87.9126592149727,94.04730959188979,83.6495970886405,37.509747855471794,2374.0,25679,25679,81.114112,810,99.94980666270078,0.006144,0.0,415
golden-swap-phase2--text-json-rfc8259-block1-ORACLE_IN_HISTORY_TC,golden-swap-phase2-20261007T093357Z,text-json-rfc8259,ORACLE_IN_HISTORY_TC,MEASURED,949,11541,3.85581838662161,16.038471536262023,41.14894723160904,72.35941426219566,87.9126592149727,94.04730959188979,90.05285503855818,44.311584784680704,1143.0,11415,11415,35.9686144,50710,96.85764921673606,0.0,0.0,415
golden-swap-phase2--text-json-rfc8259-block1-ORACLE_IN_LOGISTIC_TC,golden-swap-phase2-20261007T093357Z,text-json-rfc8259,ORACLE_IN_LOGISTIC_TC,MEASURED,949,11541,3.85581838662161,16.038471536262023,41.14894723160904,72.35941426219566,87.9126592149727,94.04730959188979,89.23836755913699,48.75660687981977,1237.0,10956,10956,34.3800832,51201,96.82722337894111,0.0,0.0,415
golden-swap-phase2--text-json-rfc8259-block1-REPLAY_CURRENT,golden-swap-phase2-20261007T093357Z,text-json-rfc8259,REPLAY_CURRENT,MEASURED,949,11541,3.85581838662161,16.038471536262023,41.14894723160904,72.35941426219566,87.9126592149727,94.04730959188979,89.80157698639633,42.29269560696647,1177.0,13033,13033,41.0033152,87428,94.58234186000396,4.0531968,0.9818112,415
golden-swap-phase2--text-websocket-block1-ORACLE_FULL,golden-swap-phase2-20261007T093357Z,text-websocket,ORACLE_FULL,MEASURED,636,11541,3.8904774282991075,19.227103370591802,44.14695433671259,71.06836495970886,89.19504375704012,94.9224503942466,83.10371718221991,46.02720734771684,2435.0,18376,18376,57.982464,2606,99.75265755504935,0.036864,0.0,415
golden-swap-phase2--text-websocket-block1-ORACLE_IN_HISTORY_TC,golden-swap-phase2-20261007T093357Z,text-websocket,ORACLE_IN_HISTORY_TC,MEASURED,636,11541,3.8904774282991075,19.227103370591802,44.14695433671259,71.06836495970886,89.19504375704012,94.9224503942466,89.44632180920198,49.7963781301447,1213.0,9611,9611,30.2326784,34549,96.72086180713744,0.0,0.0,415
golden-swap-phase2--text-websocket-block1-ORACLE_IN_LOGISTIC_TC,golden-swap-phase2-20261007T093357Z,text-websocket,ORACLE_IN_LOGISTIC_TC,MEASURED,636,11541,3.8904774282991075,19.227103370591802,44.14695433671259,71.06836495970886,89.19504375704012,94.9224503942466,88.63183432978079,51.9279091933108,1307.0,9382,9382,29.3932032,34645,96.71175018982537,0.0,0.0,415
golden-swap-phase2--text-websocket-block1-REPLAY_CURRENT,golden-swap-phase2-20261007T093357Z,text-websocket,REPLAY_CURRENT,MEASURED,636,11541,3.8904774282991075,19.227103370591802,44.14695433671259,71.06836495970886,89.19504375704012,94.9224503942466,89.26436184039511,49.0512087340785,1239.0,10381,10381,32.6185984,66801,93.65973804100227,3.0686208,1.933824,415
golden-swap-phase3--code-archive-block1-PLANNER_BASELINE,golden-swap-phase3-20261007T150955Z,code-archive,PLANNER_BASELINE,MEASURED,769,11541,3.812494584524738,17.632787453426914,37.80434970973052,65.82618490598735,83.32033619270427,93.27614591456546,91.69915951823933,45.905900701845596,953.0,9676,9676,30.5666048,39905,96.71401515151516,0.0,0.0,415
golden-swap-phase3--code-archive-block1-PLANNER_OPT,golden-swap-phase3-20261007T150955Z,code-archive,PLANNER_OPT,MEASURED,769,11541,3.812494584524738,17.632787453426914,37.80434970973052,65.82618490598735,83.32033619270427,93.27614591456546,91.77714236201369,46.04453686855558,944.0,9636,9636,30.4437248,40154,96.69351119894598,0.006144,0.0,415
golden-swap-phase3--code-archive-block1-REPLAY_CURRENT,golden-swap-phase3-20261007T150955Z,code-archive,REPLAY_CURRENT,MEASURED,769,11541,3.812494584524738,17.632787453426914,37.80434970973052,65.82618490598735,83.32033619270427,93.27614591456546,90.95399012217312,43.61840395113075,1044.0,10822,10822,34.1275648,70827,94.1677371541502,2.980352,1.8902016,415
golden-swap-phase3--math-inventory-block1-PLANNER_BASELINE,golden-swap-phase3-20261007T150955Z,math-inventory,PLANNER_BASELINE,MEASURED,766,11541,3.821159344944112,14.140889004419028,34.46841694827138,59.674205008231525,79.69846633740578,88.87444762152326,81.90798024434625,41.226930075383414,2083.0,10603,10603,33.4621696,41233,96.6704618863049,0.0,0.0,415
golden-swap-phase3--math-inventory-block1-PLANNER_OPT,golden-swap-phase3-20261007T150955Z,math-inventory,PLANNER_OPT,MEASURED,766,11541,3.821159344944112,14.140889004419028,34.46841694827138,59.674205008231525,79.69846633740578,88.87444762152326,81.88198596308813,41.12295295035092,2086.0,10629,10629,33.5415296,41332,96.6624677002584,0.0,0.0,415
golden-swap-phase3--math-inventory-block1-REPLAY_CURRENT,golden-swap-phase3-20261007T150955Z,math-inventory,REPLAY_CURRENT,MEASURED,766,11541,3.821159344944112,14.140889004419028,34.46841694827138,59.674205008231525,79.69846633740578,88.87444762152326,86.99419461051902,40.22181786673598,1501.0,11536,11536,36.373504,77980,93.703165374677,3.20768,1.1500544,415
golden-swap-phase3--mixed-chinook-block1-PLANNER_BASELINE,golden-swap-phase3-20261007T150955Z,mixed-chinook,PLANNER_BASELINE,MEASURED,548,11541,3.769170782427866,12.633220691447882,36.625942292695605,62.87150160298068,79.82843774369638,86.92487652716403,74.59492245039425,32.62282297894463,2927.0,12200,12200,38.0831744,57235,94.43325941487706,0.0,0.0,415
golden-swap-phase3--mixed-chinook-block1-PLANNER_OPT,golden-swap-phase3-20261007T150955Z,mixed-chinook,PLANNER_OPT,MEASURED,548,11541,3.769170782427866,12.633220691447882,36.625942292695605,62.87150160298068,79.82843774369638,86.92487652716403,74.24833203361926,32.56216965600901,2967.0,12186,12186,38.0406784,56983,94.45776921879863,0.0,0.0,415
golden-swap-phase3--mixed-chinook-block1-REPLAY_CURRENT,golden-swap-phase3-20261007T150955Z,mixed-chinook,REPLAY_CURRENT,MEASURED,548,11541,3.769170782427866,12.633220691447882,36.625942292695605,62.87150160298068,79.82843774369638,86.92487652716403,86.69092799584091,35.78546053201629,1536.0,11421,11421,35.6499456,110533,89.2494358854653,2.7332608,1.1966464,415
golden-swap-phase3--text-json-rfc8259-block1-PLANNER_BASELINE,golden-swap-phase3-20261007T150955Z,text-json-rfc8259,PLANNER_BASELINE,MEASURED,949,11541,3.85581838662161,16.038471536262023,41.14894723160904,72.35941426219566,87.9126592149727,94.04730959188979,90.08751408023568,44.28559050342258,1139.0,11404,11404,35.9348224,50722,96.85690561173904,0.0,0.0,415
golden-swap-phase3--text-json-rfc8259-block1-PLANNER_OPT,golden-swap-phase3-20261007T150955Z,text-json-rfc8259,PLANNER_OPT,MEASURED,949,11541,3.85581838662161,16.038471536262023,41.14894723160904,72.35941426219566,87.9126592149727,94.04730959188979,90.06151979897756,44.23360194090633,1142.0,11433,11433,36.0239104,50544,96.86793575252825,0.0,0.0,415
golden-swap-phase3--text-json-rfc8259-block1-REPLAY_CURRENT,golden-swap-phase3-20261007T150955Z,text-json-rfc8259,REPLAY_CURRENT,MEASURED,949,11541,3.85581838662161,16.038471536262023,41.14894723160904,72.35941426219566,87.9126592149727,94.04730959188979,89.80157698639633,42.29269560696647,1177.0,13033,13033,41.0033152,87428,94.58234186000396,4.0531968,0.9818112,415
golden-swap-phase3--text-websocket-block1-PLANNER_BASELINE,golden-swap-phase3-20261007T150955Z,text-websocket,PLANNER_BASELINE,MEASURED,636,11541,3.8904774282991075,19.227103370591802,44.14695433671259,71.06836495970886,89.19504375704012,94.9224503942466,89.45498656962135,49.94367905727407,1212.0,9585,9585,30.1528064,34580,96.71791951404708,0.0,0.0,415
golden-swap-phase3--text-websocket-block1-PLANNER_OPT,golden-swap-phase3-20261007T150955Z,text-websocket,PLANNER_OPT,MEASURED,636,11541,3.8904774282991075,19.227103370591802,44.14695433671259,71.06836495970886,89.19504375704012,94.9224503942466,89.44632180920198,49.883025734338446,1213.0,9588,9588,30.1620224,34573,96.71858390280941,0.0,0.0,415
golden-swap-phase3--text-websocket-block1-REPLAY_CURRENT,golden-swap-phase3-20261007T150955Z,text-websocket,REPLAY_CURRENT,MEASURED,636,11541,3.8904774282991075,19.227103370591802,44.14695433671259,71.06836495970886,89.19504375704012,94.9224503942466,89.26436184039511,49.0512087340785,1239.0,10381,10381,32.6185984,66801,93.65973804100227,3.0686208,1.933824,415
golden-swap-phase4-publication-wait--block1-CONTROL,golden-swap-phase4-publication-wait-20261007T184009Z,math-rational,CONTROL,MEASURED,653,11541,3.7518412615891172,17.736764578459404,45.11740750368252,67.55913698986222,83.08638766138117,91.85512520578806,81.96863356728187,34.37310458365826,2076.0,11695,11695,36.7973376,44707,96.09968243997767,0.0,0.0,415
golden-swap-phase4-publication-wait--block1-TRACE,golden-swap-phase4-publication-wait-20261007T184009Z,math-rational,TRACE,MEASURED,653,11541,3.7518412615891172,17.736764578459404,45.11740750368252,67.55913698986222,83.08638766138117,91.85512520578806,82.21124685902434,34.529070271207004,2048.0,11661,11661,36.691456,45514,96.02927833612507,0.0,0.0,415
golden-swap-phase4-publication-wait--v2-block1-CONTROL,golden-swap-phase4-publication-wait-20261007T184009Z,math-rational,CONTROL,MEASURED,653,11541,3.7518412615891172,17.736764578459404,45.11740750368252,67.55913698986222,83.08638766138117,91.85512520578806,82.00329260895936,34.442422667013254,2072.0,11679,11679,36.7481856,44989,96.07508026242323,0.0,0.0,415
golden-swap-phase4-publication-wait--v2-block1-TRACE,golden-swap-phase4-publication-wait-20261007T184009Z,math-rational,TRACE,MEASURED,653,11541,3.7518412615891172,17.736764578459404,45.11740750368252,67.55913698986222,83.08638766138117,91.85512520578806,82.25457066112122,34.65037691707824,2043.0,11633,11633,36.605952,45628,96.01933277498604,0.0,0.0,415
golden-swap-phase4-publication-wait--v2-block2-CONTROL,golden-swap-phase4-publication-wait-20261007T184009Z,math-rational,CONTROL,MEASURED,653,11541,3.7518412615891172,17.736764578459404,45.11740750368252,67.55913698986222,83.08638766138117,91.85512520578806,82.29789446321809,34.60705311498137,2038.0,11642,11642,36.6340096,45651,96.01732621440536,0.0,0.0,415
golden-swap-phase4-publication-wait--v2-block2-TRACE,golden-swap-phase4-publication-wait-20261007T184009Z,math-rational,TRACE,MEASURED,653,11541,3.7518412615891172,17.736764578459404,45.11740750368252,67.55913698986222,83.08638766138117,91.85512520578806,81.77800883805563,34.32978078156139,2098.0,11710,11710,36.8434176,44560,96.11250697934115,0.0,0.0,415
golden-swap-phase4-publication-wait--v2-block3-CONTROL,golden-swap-phase4-publication-wait-20261007T184009Z,math-rational,CONTROL,MEASURED,653,11541,3.7518412615891172,17.736764578459404,45.11740750368252,67.55913698986222,83.08638766138117,91.85512520578806,81.91664500476561,34.32111602114202,2082.0,11702,11702,36.8188416,44714,96.09907174762702,0.0,0.0,415
golden-swap-phase4-publication-wait--v2-block3-TRACE,golden-swap-phase4-publication-wait-20261007T184009Z,math-rational,TRACE,MEASURED,653,11541,3.7518412615891172,17.736764578459404,45.11740750368252,67.55913698986222,83.08638766138117,91.85512520578806,81.95130404644311,34.30378650030327,2078.0,11713,11713,36.851712,44810,96.09069653824679,0.0,0.0,415
E004-replay--32k-current-v6,IQ3_S-E004-replay,repository-32k,current,SIMULATION,1241,18717,2.5431425976385102,11.091521077095688,25.207031041299352,56.22161671207993,85.25938985948603,96.31885451728375,99.17721857135224,76.33167708500294,154.0,5226,5226,10.6971392,36776,98.26305448499963,0.2500864,0.4803328,
E004-replay--32k-frequency-v6,IQ3_S-E004-replay,repository-32k,frequency,SIMULATION,1241,18717,2.5431425976385102,11.091521077095688,25.207031041299352,56.22161671207993,85.25938985948603,96.31885451728375,98.86199711492226,74.85173906074691,213.0,5879,5879,12.0424192,31572,98.5088415325323,0.9954816,0.2010624,
E004-replay--32k-future-nextuse-v6,IQ3_S-E004-replay,repository-32k,future-nextuse,SIMULATION,1241,18717,2.5431425976385102,11.091521077095688,25.207031041299352,56.22161671207993,85.25938985948603,96.31885451728375,97.22177699417642,70.73248918095848,526.0,9004,9004,18.6935552,4,99.9998110783647,0.0,0.0,
E004-replay--128k-current-v6,IQ3_S-E004-replay,repository-128k,current,SIMULATION,1449,18620,2.561761546723953,11.143931256713211,27.502685284640172,51.20837808807734,81.47690655209452,97.3952738990333,98.69495166487647,70.48335123523094,243.0,7069,7069,14.3732224,45276,98.07421396488363,0.637568,0.7060736,
E004-replay--128k-frequency-v6,IQ3_S-E004-replay,repository-128k,frequency,SIMULATION,1449,18620,2.561761546723953,11.143931256713211,27.502685284640172,51.20837808807734,81.47690655209452,97.3952738990333,98.28141783029001,72.98066595059076,320.0,6474,6474,13.2334848,42179,98.2059429018647,1.1656448,0.2031104,
E004-replay--128k-future-nextuse-v6,IQ3_S-E004-replay,repository-128k,future-nextuse,SIMULATION,1449,18620,2.561761546723953,11.143931256713211,27.502685284640172,51.20837808807734,81.47690655209452,97.3952738990333,95.44575725026853,65.66595059076262,876.0,12302,12302,25.4796032,3,99.99987239689669,0.0,0.0,
q4-residency-v2--32k-native-diagnostic,q4-residency-v2-20261005T202441Z,repository-32k,NATIVE_DIAGNOSTIC,MEASURED_TRACE,1289,11541,3.821159344944112,18.507928255783728,39.026080928862314,72.27276665800191,94.48921237327788,98.89091066632008,92.60895936227364,26.55749068538255,853.0,27893,27893,87.4177536,227427,89.663912521815,9.40032,1.636352,415
q4-residency-v2--128k-native-diagnostic,q4-residency-v2-20261005T202441Z,repository-128k,NATIVE_DIAGNOSTIC,MEASURED_TRACE,1533,11476,3.868943882886023,16.53886371558034,43.65632624607877,74.91286162425932,93.5691878703381,99.0589055420007,89.88323457650749,25.723248518647612,1161.0,31627,31627,99.3673216,267959,88.89721725006629,9.2473344,2.2428672,391
q4-residency-v2--256k-native-diagnostic,q4-residency-v2-20261005T202441Z,repository-256k,NATIVE_DIAGNOSTIC,MEASURED_TRACE,1628,11386,3.8380467240470755,17.94308800281047,44.396627437203584,77.18250483049358,94.9762866678377,99.16564201651151,91.64763744949938,27.463551730194975,951.0,30574,30670,96.1792,246896,90.0892742453436,10.0820992,1.5504384,422
q4-residency-v2--32k-static-modeled,q4-residency-v2-20261005T202441Z,repository-32k,static,SIMULATION,1289,11541,3.821159344944112,18.507928255783728,39.026080928862314,72.27276665800191,94.48921237327788,98.89091066632008,100.0,100.0,0.0,0,0,0.0,587167,73.31447244037231,0.0,0.0,415
q4-residency-v2--32k-current-modeled,q4-residency-v2-20261005T202441Z,repository-32k,current,SIMULATION,1289,11541,3.821159344944112,18.507928255783728,39.026080928862314,72.27276665800191,94.48921237327788,98.89091066632008,92.60895936227364,26.55749068538255,853.0,27893,27893,87.4177536,227427,89.663912521815,9.40032,1.636352,415
q4-residency-v2--32k-future-feasible-modeled,q4-residency-v2-20261005T202441Z,repository-32k,future-feasible,SIMULATION,1289,11541,3.821159344944112,18.507928255783728,39.026080928862314,72.27276665800191,94.48921237327788,98.89091066632008,77.84420760765965,13.37839008751408,2995.0,87476,87476,275.2198656,39,99.99822753054102,0.0,0.0,415
q4-residency-v2--32k-future-capacity-free-modeled,q4-residency-v2-20261005T202441Z,repository-32k,future-capacity-free,SIMULATION,1289,11541,3.821159344944112,18.507928255783728,39.026080928862314,72.27276665800191,94.48921237327788,98.89091066632008,47.673511827397974,3.5698812927822545,6852.0,157409,157409,494.8088832,0,100.0,0.0,0.0,415
q4-residency-v2--32k-future-utility-modeled,q4-residency-v2-20261005T202441Z,repository-32k,future-utility,SIMULATION,1289,11541,3.821159344944112,18.507928255783728,39.026080928862314,72.27276665800191,94.48921237327788,98.89091066632008,98.05042890564076,83.50229616151114,267.0,6341,6341,19.6025344,430947,80.41434882198953,0.0,0.0,415
q4-residency-v2--32k-future-utility-wide-modeled,q4-residency-v2-20261005T202441Z,repository-32k,future-utility-wide,SIMULATION,1289,11541,3.821159344944112,18.507928255783728,39.026080928862314,72.27276665800191,94.48921237327788,98.89091066632008,96.28281778008838,68.82419201109089,561.0,27291,27291,84.781056,342210,84.44726221640488,0.0,0.0,415
